Final_ID,Raw_ID,Candidate_ID,Requirement_Text,Predicted_Requirement_Type,Confidence_Score,Probability_Functional_Requirement,Probability_Operability,Probability_Performance,Probability_Security,Probability_Usability,Human_Decision,Hierarchy_ID
1,3,CAND_3,"Requirements in this Standard are defined in terms of what shall be accomplished, rather than in terms of how to organize and perform the necessary work.",Functional Requirement,0.38595857998439226,0.38595857998439226,0.11217089554843862,0.13726684863272584,0.08499118439939365,0.2796124914350496,Not Reviewed,4
2,7,CAND_7,"In no respect shall ECSS incur any liability for any damages, including, but not limited to, direct, indirect, special, or consequential damages arising out of, resulting from, or in any way connected to the use of this Standard, whether or not based upon warranty, business agreement, tort, or otherwise; whether or not injury was sustained by persons or property or otherwise; and whether or not loss was sustained from, or arose out of, the results of, the item, or any services that may be provided by ECSS.",Usability,0.4885842974864344,0.43163241688568055,0.0462022227104121,0.004731118498068165,0.028849944419404732,0.4885842974864344,Not Reviewed,4
3,10,CAND_10,"1 June 2012 The main differences between ECSS‐E‐10‐03A and this version are:  General modifications to comply with ECSS rules better identifying the requirements and moving to Handbook the standard values;  The lists of abbreviated terms, terms and definitions have been up‐dated;  Clauses on Overall System Testing were merged in a unique new clause;  Clauses on Functional and performance tests were merged in single clauses at all levels;  For all clauses, minor modifications to ensure consistency with other ECSS standards have been done;  Others (EMC as example).",Functional Requirement,0.607431637690035,0.607431637690035,0.013144533792996604,0.10523381918847192,0.20622343837976667,0.06796657094872965,Not Reviewed,1
4,46,CAND_46,"94 Table D-1 : Guideline for verification close-out ....................................................................127 6 ECSS‐E‐ST‐10‐03C 1 June 2012 Introduction The requirements on the systems engineering process are gathered in ECSS‐E‐ ST‐10; while specific aspects are further elaborated in dedicated standards, in particular: ECSS‐E‐ST‐10‐06, ECSS‐E‐ST‐10‐02 and the present standard (ECSS‐ E‐ST‐10‐03) In the System Engineering branch (ECSS‐E‐10) this standard aims at a consistent application of on ground testing requirements to allow proper qualification and acceptance of space products Experience has demonstrated that incomplete or improper on ground testing approach significantly increase project risks leading to late discovery of design or workmanship problem(s) or in‐orbit failure(s).",Functional Requirement,0.5274949967381548,0.5274949967381548,0.22526189191009585,0.08023487395580249,0.010024761245516326,0.1569834761504305,Not Reviewed,1
5,47,CAND_47,Testing is part of the system engineering process as defined in ECSS‐E‐ST‐10.,Functional Requirement,0.4514005096314645,0.4514005096314645,0.28412933749050334,0.179708351958696,0.03788857677656969,0.04687322414276644,Not Reviewed,1
6,50,CAND_50,"The document is organised such that:     clause 4 provides requirements for overall test programme, test management and test conditions, tolerances and accuracy; clause 5 provides requirements for Space segment equipment; clause 6 provides requirements for Space segment element; clause 7 provides requirements for Pre‐launch testing.",Operability,0.6617347222526623,0.2975525310451685,0.6617347222526623,0.011407162058153453,0.009060654493823405,0.020244930150192346,Not Reviewed,1
7,56,CAND_56,8 ECSS‐E‐ST‐10‐03C 1 June 2012 1 Scope This standard addresses the requirements for performing verification by testing of space segment elements and space segment equipment on ground prior to launch.,Functional Requirement,0.5388378660144632,0.5388378660144632,0.19024784886988066,0.020862892418539246,0.0729312982346298,0.1771200944624871,Not Reviewed,4
8,66,CAND_66,"Tests of launcher segment, subsystem and equipment, and launch facilities, Tests of facilities and ground support equipment, Tests of ground segment.",Functional Requirement,0.8184637035404568,0.8184637035404568,0.08928745676582558,0.018494644707057438,0.01424347100202664,0.05951072398463355,Not Reviewed,1
9,74,CAND_74,"For the purpose of this standard; the terms and definitions from ECSS‐S‐ST‐00‐01 apply, and in particular the following: flight model lifetime protoflight model qualification model space segment element space segment equipment space segment subsystem structural model system ECSS‐S‐ST‐00‐01C defines the highest‐level system within a space project ‐ i.e.",Functional Requirement,0.7578325812091224,0.7578325812091224,0.12914109788745184,0.019642828482499958,0.04328641177977564,0.05009708064115005,Not Reviewed,1
10,76,CAND_76,The breakdown of a typical space system and the definition of standard terms for the constituent levels within the breakdown are given below (see Figure 3‐1 and subsequent definitions).,Functional Requirement,0.5963048160691171,0.5963048160691171,0.10954425641310735,0.020625591256787684,0.1267981353193492,0.14672720094163866,Not Reviewed,1
11,80,CAND_80,"This table, however, is not exhaustive 12 Space System Users ECSS‐E‐ST‐10‐03C 1 June 2012 Support Segment Space Segment Ground Segment Launch Segment Space Segment Element Space Segment System Space Segment Subsystem Ground Segment Element Ground Segment System Ground Segment Subsystem Launch Segment Element Launch Segment System Launch Segment Subsystem Space Segment Equipment/Unit Ground Segment Equipment/Unit Launch Segment Equipment/Unit Components ( = Parts) Materials Legend: Functional view Physical view Note 1: Since software can belong to any level it is not apparent in this chart Note 2: A subsystem can be split across two segments e.g.",Functional Requirement,0.8355479583631414,0.8355479583631414,0.08525740981214265,0.02569920695962801,0.028698622982900646,0.02479680188218725,Not Reviewed,1
12,83,CAND_83,"3.1.1 system set of interrelated or interacting functions constituted to achieve a specified objective 3.1.2 space system system that contains at least a space, a ground or a launch segment NOTE Generally a space system is composed of all three segments and is supported by a support segment.",Functional Requirement,0.6597040752682266,0.6597040752682266,0.2542508103903819,0.029647898516702097,0.01791903064404126,0.03847818518064813,Not Reviewed,1
13,84,CAND_84,"3.1.3 space segment part of a space system, placed in space, to fulfil the space mission objectives 3.1.4 space segment system system within a space segment NOTE Examples are given in Annex B.1.",Functional Requirement,0.6634058007862008,0.6634058007862008,0.21957853794498688,0.02102039357043815,0.059301646681152655,0.03669362101722143,Not Reviewed,1
14,89,CAND_89,"3.1.7 embedded space segment element space segment element that performs its mission as part of another space segment element NOTE For example: platform, module, instrument, payload.",Functional Requirement,0.5003433967780699,0.5003433967780699,0.39700023289649106,0.019150280949796046,0.04316682478053222,0.040339264595110766,Not Reviewed,2
15,90,CAND_90,3.1.8 space segment subsystem subsystem within a space segment NOTE Examples are given in Annex B.1.,Functional Requirement,0.8037751195230964,0.8037751195230964,0.10809569758976476,0.016657983274513684,0.04572153062183644,0.025749668990788777,Not Reviewed,1
16,91,CAND_91,3.1.9 space segment equipment equipment within a space segment NOTE Examples are given in Annex B.1.,Functional Requirement,0.8231170616510266,0.8231170616510266,0.12068013527911066,0.01126201069068689,0.026418180778743833,0.018522611600432125,Not Reviewed,4
17,92,CAND_92,"14 ECSS‐E‐ST‐10‐03C 1 June 2012 3.1.10 component set of materials, assembled according to defined and controlled processes, which cannot be disassembled without destroying its capability and which performs a simple function that can be evaluated against expected performance requirements NOTE 1 The term ʺpartʺ is synonymous.",Functional Requirement,0.6779981350263701,0.6779981350263701,0.036523545809013964,0.22390309129141897,0.00723422206818154,0.054341005805015295,Not Reviewed,3
18,95,CAND_95,"3.1.11 part see “component” 3.1.12 material raw, semi‐finished or finished substance (gaseous, characteristics from which processing into a component or part is undertaken liquid, solid) of given 3.1.13 flight model (FM) end product that is intended for flight NOTE 1 The flight model is subjected to formal functional and environmental acceptance testing.",Functional Requirement,0.7767416044491522,0.7767416044491522,0.06659618521085614,0.04246262901556537,0.07897592830860026,0.03522365301582612,Not Reviewed,3
19,97,CAND_97,"3.1.14 lifetime period, or number of cycles, over which a product is required to perform according to its specification 3.1.15 protoflight model (PFM) flight model on which a partial or complete protoflight qualification test campaign is performed before flight NOTE More detailed information on the build standard and the use of this model is given in ECSS‐E‐HB‐10‐02.",Functional Requirement,0.49534895912332744,0.49534895912332744,0.021582641643201544,0.0877092080327312,0.07270562060147337,0.32265357059926647,Not Reviewed,1
20,98,CAND_98,"3.1.16 qualification model (QM) model, which fully reflects all aspects of the flight model design, used for complete functional and environmental qualification testing NOTE 1 A qualification model is only necessary for newly‐ designed hardware or when a delta qualification is performed for adaptation to the project.",Operability,0.5260143628605778,0.2836301835190541,0.5260143628605778,0.09010614906202705,0.025387741469962886,0.07486156308837826,Not Reviewed,1
21,107,CAND_107,"Figure 3‐2: Space segment examples 17 For the purpose of this standard, the following terms and definitions from ECSS‐E‐ST‐10‐02 apply: ECSS‐E‐ST‐10‐03C 1 June 2012 commissioning model philosophy test For the purpose of this Standard, the following terms and definitions from ECSS‐E‐ST‐31 apply: acceptance temperature range minimum switch ON temperature predicted temperature range qualification temperature range temperature reference point For the purpose of this Standard, the following terms and definitions from ECSS‐E‐ST‐32 apply: burst pressure design burst pressure factor of safety limit load (LL) maximum design pressure (MDP) proof factor proof pressure proof test 3.2 Terms specific to the present standard 3.2.1 24-hour equivalent noise exposure level equivalent sound pressure level (Leq) to which the crew members are exposed over a 24‐hour period; expressed in dBA NOTE 0 dBA corresponds to 20 μPa.",Functional Requirement,0.4891601788972039,0.4891601788972039,0.06962233223793346,0.24734115622647965,0.09770609516761838,0.09617023747076452,Not Reviewed,4
22,108,CAND_108,"3.2.2 a-weighting adjustments typically made to acoustic measurements to approximate the response of the human ear 3.2.3 abbreviated functional test (AFT) See ʺreduced functional test (RFT)ʺ 18 ECSS‐E‐ST‐10‐03C 1 June 2012 3.2.4 acceptance level test level reflecting the maximum level expected to be encountered during the flight product lifetime increased by acceptance margins 3.2.5 acceptance margin increase of the environmental, mechanical, thermal, electrical, EMC, or operational extremes above the worst case levels predicted over the specified product lifetime for the purpose of workmanship verification NOTE 1 Margins can include an increase in level or range, an increase in duration or cycles of exposure, as well as any other appropriate increase in severity.",Functional Requirement,0.5230721046151229,0.5230721046151229,0.11761228850823538,0.216178158260051,0.046006077214945214,0.09713137140164554,Not Reviewed,4
23,112,CAND_112,"3.2.7 crewed space segment element space segment design to ensure the safe presence of crew onboard 3.2.8 development test prior qualification test to support the design feasibility and to assist in the evolution of the design 3.2.9 dwell time duration necessary to ensure that internal parts or subassembly of a space segment equipment have achieved thermal equilibrium, from the start of temperature stabilisation phase, i.e.",Functional Requirement,0.47056386480926377,0.47056386480926377,0.3720486285528486,0.056071068321384324,0.07124022628335121,0.030076212033152007,Not Reviewed,2
24,117,CAND_117,3.2.12 maximum expected acceleration acceleration value determined from the combined effects of the steady state acceleration and the transient response of the item as it will experience during its life time NOTE 1 This term is equivalent to limit load (as defined in E‐ST‐32).,Performance,0.5418037322795985,0.40462910565154253,0.013605512217140889,0.5418037322795985,0.010490729032742434,0.029470920818975545,Not Reviewed,4
25,119,CAND_119,"life 3.2.13 maximum expected acoustic spectrum maximum value of the time average root‐mean‐square (r.m.s.) sound pressure level (SPL) in each frequency band occurring inside the payload fairing, orbiter, or cargo bay, which occurs during flight events NOTE 1 E.g.",Functional Requirement,0.5363406700340555,0.5363406700340555,0.009014769464599984,0.4084420222454336,0.018425721879525573,0.027776816376385433,Not Reviewed,4
26,121,CAND_121,"NOTE 2 The maximum expected acoustic environment test spectrum is specified in octave or 1/3 octave bands over a frequency range of 31,5 Hz to 10 kHz.",Operability,0.4301958838411884,0.4155915094758075,0.4301958838411884,0.10899127653490566,0.012749386136586955,0.032471944011511655,Not Reviewed,4
27,122,CAND_122,The duration of the maximum environment is the total period when the overall amplitude is within 6 dB of the maximum overall amplitude.,Performance,0.42316852140844974,0.28659989193301516,0.17314174584535347,0.42316852140844974,0.0757061041456359,0.04138373666754583,Not Reviewed,1
28,123,CAND_123,"3.2.14 maximum expected shock worst cases of the collection of the shock at their mounting interface due to every possible cause NOTE 1 For example: causes of shocks are stage, shroud or satellite separation pyro elements, non‐explosive actuators, mechanisms with energy release, appendage latching, and fuel valves.",Operability,0.41021627561891477,0.38432840116155625,0.41021627561891477,0.06760500523343824,0.0959295697928445,0.0419207481932463,Not Reviewed,3
29,126,CAND_126,3.2.15 maximum expected random vibration spectrum maximum expected environment imposed on the space segment element and space segment equipment due to broad band random forcing functions within the launch element or space segment element during flight or from ground transportation and handling NOTE 1 E.g.,Functional Requirement,0.452318627012505,0.452318627012505,0.34389642220735667,0.1167265894728478,0.03870726582753606,0.04835109547975445,Not Reviewed,4
30,128,CAND_128,NOTE 2 A different spectrum can exist for different space segment equipment zones or for different axis.,Functional Requirement,0.8530758506914982,0.8530758506914982,0.06429674488699075,0.01054542807115398,0.05338056194998401,0.01870141440037302,Not Reviewed,4
31,129,CAND_129,The space segment equipment vibration levels are based on vibration response measurements or model prediction made at the space segment 20 ECSS‐E‐ST‐10‐03C 1 June 2012 equipment attachment points during ground acoustic tests or during flight.,Functional Requirement,0.8553774094283174,0.8553774094283174,0.038214946964200316,0.03606211345020623,0.011273190239909355,0.0590723399173667,Not Reviewed,4
32,130,CAND_130,The duration of the maximum environment is the total period during flight when the overall level is within 6 dB of the maximum overall level.,Performance,0.4945417228020249,0.23351399813942492,0.11404050526480196,0.4945417228020249,0.1256453218385721,0.03225845195517615,Not Reviewed,1
33,131,CAND_131,"NOTE 3 The power spectral density is based on a frequency resolution of 1/6 octave (or narrower) bandwidth analysis, over a frequency range of 20 Hz to 2000 Hz.",Functional Requirement,0.8582498619009575,0.8582498619009575,0.060844720184841286,0.011220944036506742,0.024643288609343884,0.04504118526835056,Not Reviewed,4
34,132,CAND_132,"3.2.16 maximum expected sinusoidal vibration environment maximum expected environment imposed on the space segment element and space segment equipment due to sinusoidal and narrow band random forcing functions within the launch element or space segment element during flight or from ground transportation and handling NOTE In flight, sinusoidal excitations are caused by unstable combustion, by coupling of structural resonant frequencies (POGO), or by imbalances in rotating space segment equipment in the launch element or space segment element.",Operability,0.47215730106283005,0.4331387218507306,0.47215730106283005,0.04639869188032292,0.020148961059828364,0.02815632414628804,Not Reviewed,4
35,136,CAND_136,"Implementation of notching is subject to customer approval and when relevant to Launcher authority approval 3.2.19 operational modes combination of operational configurations or conditions that can occur during the product lifetime for space segment equipment or space segment element NOTE For example: Power‐on or power‐off, command modes, readout modes, attitude control modes, antenna stowed or deployed, and spinning or de‐ spun.",Operability,0.46406162959138364,0.44419477986354705,0.46406162959138364,0.024022740006961276,0.022035400675747965,0.045685449862360006,Not Reviewed,4
36,138,CAND_138,"3.2.21 polarity test test to verify the correct polarity of the functional chains (mainly AOCS) or equipment of the space segment element from sensors to actuators, through a number of interfaces and processing.",Functional Requirement,0.7089653497715848,0.7089653497715848,0.15242277723490277,0.04799457968454562,0.05562123274334417,0.03499606056562279,Not Reviewed,3
37,139,CAND_139,"NOTE 1 A polarity error can be generated throughout the development process: interface documentation, design, H/W manufacturing, S/W development, satellite AIT, satellite database.",Operability,0.7630837412512417,0.15225722733077138,0.7630837412512417,0.0373977654515601,0.026502967177711667,0.020758298788715192,Not Reviewed,4
38,140,CAND_140,"NOTE 2 A polarity error can be generated by any element of the functional chain: sensor or actuator design, sensor or actuator mounting, harness, interface units, software algorithms.",Operability,0.6083340121644015,0.23181302920172805,0.6083340121644015,0.02320993655444362,0.09882901472594718,0.03781400735347954,Not Reviewed,3
39,143,CAND_143,3.2.22 qualification level test level reflecting the maximum level expected to be encountered during the flight product lifetime increased by qualification margins NOTE For thermal the qualification margin applies on top of the acceptance margin.,Performance,0.3770710089868716,0.3318539408899777,0.1423471676420301,0.3770710089868716,0.07436023742664985,0.07436764505447077,Not Reviewed,4
40,148,CAND_148,"22 ECSS‐E‐ST‐10‐03C 1 June 2012 3.2.25 residual life time left before a product is no longer able to achieve minimum acceptable performance requirements, including availability NOTE Criteria can be estimated in terms of serviceability or structural strength for example.",Performance,0.8258135292024245,0.07653738483527509,0.045749724340219955,0.8258135292024245,0.008260200029128207,0.04363916159295245,Not Reviewed,4
41,149,CAND_149,3.2.26 resolution minimum readable value of a quantity on a measurement system NOTE The resolution is accounted for in the accuracy.,Functional Requirement,0.6571839273253205,0.6571839273253205,0.11249462237023289,0.08695550085321288,0.08260027225221421,0.06076567719901961,Not Reviewed,1
42,161,CAND_161,"Abbreviation Meaning AFT AIT AITP AIV AVT CCB CoG DRD EC EGSE EM EMC abbreviated functional test assembly, integration and test assembly, integration and test plan assembly, integration and verification acceptance vibration test configuration control board centre of gravity document requirements definition European Commission electrical ground support equipment engineering model electromagnetic compatibility EMCCP electromagnetic compatibility control plan EQM ESD FFT FM FOP GSE HFE HMI engineering qualification model electrostatic discharge full functional test flight model flight operation plan ground support equipment human factors engineering human‐machine interface 24 Abbreviation Meaning ECSS‐E‐ST‐10‐03C 1 June 2012 ICD KIP LCDA LEOP MDP MIP MoI NC NCR NRB OSPL PFM PIM PSD PT PTR QM r.m.s.",Functional Requirement,0.6137546473770941,0.6137546473770941,0.3494951474932454,0.01322015188637829,0.01094627869117945,0.01258377455210279,Not Reviewed,2
43,163,CAND_163,"A coherent test programme shall be established, encompassing each verification stage and level to implement the verification by testing.",Functional Requirement,0.5720469685676492,0.5720469685676492,0.2900585314548487,0.03948928601615094,0.06866781709193856,0.02973739686941257,Not Reviewed,4
44,169,CAND_169,The customer and the supplier shall agree the need to treat a space segment element as a space segment equipment.,Functional Requirement,0.744320162835496,0.744320162835496,0.0579111655835977,0.017183040830467223,0.03244178571786403,0.14814384503257522,Not Reviewed,4
45,171,CAND_171,"AITP and test specifications shall be derived from the product requirements, verification plan and verification control document (VCD).",Functional Requirement,0.6000430764661049,0.6000430764661049,0.3318208614987491,0.01749674065008854,0.01769643199092967,0.03294288939412783,Not Reviewed,4
46,173,CAND_173,Test procedures shall be derived from test specifications and AITP.,Functional Requirement,0.5253724861940429,0.5253724861940429,0.38399165924795575,0.025649373182771835,0.03904325593521688,0.02594322544001278,Not Reviewed,4
47,174,CAND_174,Test programme and its implementation shall be in conformance with safety requirements of ECSS‐Q‐ST‐40 and ECSS‐Q‐ST‐20‐07.,Functional Requirement,0.5017127893022011,0.5017127893022011,0.43694948415406243,0.015424724048063382,0.015706906497023554,0.03020609599864964,Not Reviewed,4
48,176,CAND_176,Development test of a product shall be completed prior to the start of its formal qualification testing.,Operability,0.4804925443710381,0.34512627539238355,0.4804925443710381,0.03523301780798593,0.0182915647470355,0.12085659768155685,Not Reviewed,1
49,179,CAND_179,Development tests shall not be conducted on qualification or flight models or parts of it.,Functional Requirement,0.5868819117406026,0.5868819117406026,0.26114732005404917,0.027109519654505802,0.06038393491480255,0.0644773136360399,Not Reviewed,4
50,180,CAND_180,"Records of test configuration, test results and other pertinent data shall be maintained.",Functional Requirement,0.5568196148559137,0.5568196148559137,0.06335274067881644,0.02058013683473508,0.3404003377748927,0.01884716985564209,Not Reviewed,4
51,183,CAND_183,The supplier shall assign clear responsibility for the implementation of the test programme.,Functional Requirement,0.7166120121596442,0.7166120121596442,0.1902188713746793,0.016685053441113686,0.03897459913894191,0.03750946388562084,Not Reviewed,4
52,184,CAND_184,"The customer, or its duly appointed representative, shall have the right to participate to all test phases.",Functional Requirement,0.8532590272818474,0.8532590272818474,0.035392857350044576,0.0288727673033064,0.046674349069257506,0.03580099899554412,Not Reviewed,4
53,186,CAND_186,The test programme shall be decomposed in blocks.,Functional Requirement,0.6279739644466357,0.6279739644466357,0.25390119953391316,0.034700229260990624,0.04143562195311941,0.04198898480534111,Not Reviewed,4
54,188,CAND_188,The definition of the blocks of requirement 4.3.2.1a shall be agreed between the customer and supplier.,Functional Requirement,0.825961415037965,0.825961415037965,0.00796497169073975,0.033011601464427186,0.06283174322418197,0.07023026858268594,Not Reviewed,4
55,193,CAND_193,Each test block shall include the following formal reviews: 1.,Functional Requirement,0.8297780923249218,0.8297780923249218,0.12233215367608116,0.010876632917094951,0.01967193022174426,0.017341190860157688,Not Reviewed,4
56,199,CAND_199,A TRR shall be held before the start of the test activity to verify that all conditions allow to proceed with the test.,Functional Requirement,0.8079261454840273,0.8079261454840273,0.11253002095532935,0.012666199037360501,0.012278794515869794,0.054598840007412955,Not Reviewed,4
57,200,CAND_200,The TRR shall address the following topics: 1.,Functional Requirement,0.7248290983427466,0.7248290983427466,0.16897009974661067,0.0434418410761236,0.028095789406415043,0.034663171428104086,Not Reviewed,4
58,202,CAND_202,"item under test configuration; test configuration/set‐up; inspection status report of KIP, MIP, or both; facility, environmental test calibration, maintenance status; conditions, test instrumentations, cleanliness condition, hazard and safety; ground support equipment (GSE) and infrastructures; status of nonconformances that affect the item under test, its associated GSE, or the test facility; waivers status, and deviations; personnel qualification and availability; results from test rehearsal using the test facility with or without the item under test, when relevant; 29 ECSS‐E‐ST‐10‐03C 1 June 2012 12.",Functional Requirement,0.7674766407849863,0.7674766407849863,0.13877630751034895,0.035538383043115476,0.012511099011786339,0.04569756964976275,Not Reviewed,4
59,207,CAND_207,The following parties shall participate to the TRR: 1.,Functional Requirement,0.7331687317693023,0.7331687317693023,0.18256067862947267,0.02243040112062436,0.029414317079112663,0.03242587140148799,Not Reviewed,4
60,210,CAND_210,All the open points shall be clearly identified and actions assigned with closure date before the execution of the test.,Functional Requirement,0.85054201043682,0.85054201043682,0.04622868803770416,0.02617410488408769,0.03134743600210582,0.04570776063928224,Not Reviewed,4
61,211,CAND_211,The output of the TRR shall be a decision to proceed with the test or not.,Functional Requirement,0.6279739644466357,0.6279739644466357,0.25390119953391316,0.034700229260990624,0.04143562195311941,0.04198898480534111,Not Reviewed,4
62,213,CAND_213,A PTR shall be held in order to formally declare the test completed and allow the release of the item under test and test facility for further activity.,Functional Requirement,0.8816602616729877,0.8816602616729877,0.062189131451867885,0.012722790378010097,0.007951362703404793,0.035476453793729455,Not Reviewed,1
63,215,CAND_215,The PTR shall address the following topics: 1.,Functional Requirement,0.7248290983427466,0.7248290983427466,0.16897009974661067,0.0434418410761236,0.028095789406415043,0.034663171428104086,Not Reviewed,4
64,218,CAND_218,The following parties shall participate to the PTR: 1.,Functional Requirement,0.7331687317693023,0.7331687317693023,0.18256067862947267,0.02243040112062436,0.029414317079112663,0.03242587140148799,Not Reviewed,4
65,222,CAND_222,A TRB shall be held to review all results and conclude on the test completeness and achievement of objectives.,Functional Requirement,0.8261434356037294,0.8261434356037294,0.07568493844207277,0.03204391894847676,0.02508361840640998,0.04104408859931112,Not Reviewed,1
66,223,CAND_223,The TRB shall address the following topics: 1.,Functional Requirement,0.7248290983427466,0.7248290983427466,0.16897009974661067,0.0434418410761236,0.028095789406415043,0.034663171428104086,Not Reviewed,4
67,226,CAND_226,The following parties shall participate to the TRB: 1.,Functional Requirement,0.7331687317693023,0.7331687317693023,0.18256067862947267,0.02243040112062436,0.029414317079112663,0.03242587140148799,Not Reviewed,4
68,233,CAND_233,The supplier shall establish the AITP in conformance with the DRD in Annex A.,Functional Requirement,0.6380831270476605,0.6380831270476605,0.0323489876521903,0.214133479970382,0.03448496430484361,0.08094944102492355,Not Reviewed,4
69,235,CAND_235,"The agreed AITP shall be available, at the latest, for the TRR of the test programme.",Functional Requirement,0.521902834236261,0.521902834236261,0.42600250798906725,0.00813070819714143,0.01082685534288785,0.03313709423464255,Not Reviewed,4
70,236,CAND_236,The way the requirement 4.3.3.2b is achieved shall be agreed between the customer and the supplier.,Functional Requirement,0.5431878497083382,0.5431878497083382,0.010328127809867842,0.023200482088233956,0.03882779774037636,0.3844557426531837,Not Reviewed,4
71,238,CAND_238,The supplier shall establish the test specification in conformance with the DRD in Annex B.,Functional Requirement,0.664799124225251,0.664799124225251,0.1715513459489199,0.03397486782472445,0.05080159081765848,0.07887307118344618,Not Reviewed,4
72,239,CAND_239,The agreed test specification shall be available at the relevant test block TRR and on time to allow procedure preparation.,Functional Requirement,0.7183984717850163,0.7183984717850163,0.19500444921485355,0.03421447957194337,0.003947789546692658,0.04843480988149433,Not Reviewed,4
73,240,CAND_240,The way the requirement 4.3.3.3b is achieved shall be agreed between the customer and the supplier.,Functional Requirement,0.5431878497083382,0.5431878497083382,0.010328127809867842,0.023200482088233956,0.03882779774037636,0.3844557426531837,Not Reviewed,4
74,242,CAND_242,The supplier shall establish the test procedure in conformance with the DRD in Annex C.,Functional Requirement,0.6279739644466357,0.6279739644466357,0.25390119953391316,0.034700229260990624,0.04143562195311941,0.04198898480534111,Not Reviewed,4
75,243,CAND_243,"The test procedure, derived from the agreed test specification, shall be available at the relevant test block TRR.",Functional Requirement,0.5069989778947718,0.5069989778947718,0.38532123737234386,0.011690123858140106,0.015032001515191084,0.08095765935955324,Not Reviewed,4
76,244,CAND_244,The way the requirement 4.3.3.4b is achieved shall be agreed between the customer and the supplier.,Functional Requirement,0.5431878497083382,0.5431878497083382,0.010328127809867842,0.023200482088233956,0.03882779774037636,0.3844557426531837,Not Reviewed,4
77,246,CAND_246,The supplier shall establish the test report in conformance with the DRD in Annex C of ECSS‐E‐ST‐10‐02.,Functional Requirement,0.661350570287563,0.661350570287563,0.052791064099904174,0.16535890560730993,0.023494218780246188,0.09700524122497671,Not Reviewed,4
78,250,CAND_250,The test report shall be available prior to the TRB.,Functional Requirement,0.5009700022307599,0.5009700022307599,0.43516237074450237,0.016219586334321422,0.007532286547527899,0.040115754142888246,Not Reviewed,4
79,252,CAND_252,Any failure or anomaly during testing shall be recorded.,Functional Requirement,0.7152527048247722,0.7152527048247722,0.043533482144000504,0.029419440614039283,0.17682828116548055,0.0349660912517075,Not Reviewed,4
80,253,CAND_253,All nonconformances shall be managed in conformance with ECSS‐Q‐ST‐10‐09.,Functional Requirement,0.6775688060725451,0.6775688060725451,0.034127434978339,0.1471091993213404,0.03499476385212308,0.10619979577565242,Not Reviewed,4
81,254,CAND_254,The NRB shall decide on the necessity and extent of any retest activity in order to demonstrate the correctness of the disposition made.,Functional Requirement,0.9056231467882874,0.9056231467882874,0.026603463862806598,0.011403833807525725,0.013587575616833594,0.04278197992454664,Not Reviewed,4
82,256,CAND_256,Test measurements and the environmental conditions shall be recorded for subsequent evaluation.,Functional Requirement,0.502227224954652,0.502227224954652,0.2736110972249553,0.06977285276641107,0.1230587916349378,0.031330033419043814,Not Reviewed,4
83,257,CAND_257,A database of parameters shall be established for trend analysis.,Operability,0.5963874875109214,0.2177728199018533,0.5963874875109214,0.014219940823563584,0.16225645655689175,0.009363295206770057,Not Reviewed,4
84,258,CAND_258,Trend analysis shall be performed using test data acquired across test sequences.,Security,0.3508690783553267,0.1854900217638904,0.23141986997976344,0.01404270852844417,0.3508690783553267,0.21817832137257534,Not Reviewed,4
85,260,CAND_260,Test conditions shall be established using predicted environment plus margins.,Operability,0.7814976364114623,0.11478677993549846,0.7814976364114623,0.014645794643579013,0.02950552092332625,0.05956426808613406,Not Reviewed,4
86,262,CAND_262,"Tests shall be performed simulating the mission envelope, including operational and non‐operational conditions with margins.",Operability,0.5327847017272683,0.35714791137573015,0.5327847017272683,0.021024954693609377,0.02971539317296023,0.05932703903043206,Not Reviewed,4
87,263,CAND_263,"For items tested in an environment different from the one it is expected to operate, the possible differences in behaviour shall be accounted for in the test levels and duration.",Operability,0.660669136334897,0.27673165836339386,0.660669136334897,0.017649424449780248,0.03272154735480477,0.012228233497124106,Not Reviewed,4
88,266,CAND_266,Cleanliness and contamination control for test programmes shall conform to ECSS‐Q‐ST‐70‐01.,Usability,0.47647141684935707,0.43292447728713473,0.04454666661914824,0.01750263111495899,0.028554808129401105,0.47647141684935707,Not Reviewed,4
89,267,CAND_267,The quality and safety management system used to operate and maintain test facility(ies) shall be recognized by the customer.,Operability,0.6549382915575686,0.3048105920280032,0.6549382915575686,0.00897888889207427,0.013173884276528408,0.018098343245825387,Not Reviewed,1
90,268,CAND_268,"NOTE As example, in accordance to quality and safety management system requirements from ECSS‐Q‐ ST‐20‐07.",Functional Requirement,0.6927142223011221,0.6927142223011221,0.22891176277675612,0.012177505402922261,0.04304254869153397,0.023153960827665583,Not Reviewed,1
91,269,CAND_269,"Test facilities, tools and instrumentation shall not prevent to fulfil the tests objectives.",Functional Requirement,0.6350460552775982,0.6350460552775982,0.028025158854613708,0.014693407454993488,0.2861008497275829,0.03613452868521183,Not Reviewed,4
92,270,CAND_270,The EGSE or other support systems of the item under test shall: 1.,Functional Requirement,0.46370383786613856,0.46370383786613856,0.4554497982117088,0.02457320196176682,0.019341671299793896,0.03693149066059194,Not Reviewed,1
93,273,CAND_273,"The combination of test set‐up, test levels durations, and operational modes shall not create conditions that can: 1.",Functional Requirement,0.4833099130776336,0.4833099130776336,0.39136707377231056,0.037780836779137954,0.053099229584450944,0.03444294678646707,Not Reviewed,4
94,276,CAND_276,Test tolerances bands shall be specified in test error budgets and agreed by the customer prior to start of test.,Functional Requirement,0.6860955305329927,0.6860955305329927,0.1759745104444675,0.013935311347405744,0.025722599401801483,0.09827204827333269,Not Reviewed,4
95,277,CAND_277,For the purpose of 4.4.2a test tolerances shall be justified by reference to the uncertainty budget and confidence level of the measurement instrument(s) used.,Operability,0.43552827294631846,0.39657067908843613,0.43552827294631846,0.037370002638765706,0.07280399955370875,0.05772704577277092,Not Reviewed,4
96,279,CAND_279,"NOTE 2 The tolerances specified in Table 4‐1 are the allowable ranges within which the test parameters can vary, they include instrumentation accuracy.",Functional Requirement,0.9164742530873907,0.9164742530873907,0.04395242403799292,0.00752486823652207,0.018772605481627826,0.013275849156466383,Not Reviewed,4
97,280,CAND_280,"Quantitative requirements demonstrated by measured test values shall account for test inaccuracies and tolerances, and be compared with the specified requested values.",Functional Requirement,0.7145638409168521,0.7145638409168521,0.20815890039859264,0.01665151027651469,0.032774851015109165,0.02785089739293132,Not Reviewed,4
98,281,CAND_281,The tolerances specified in Table 4‐1 shall be applied to the test values.,Functional Requirement,0.8639263488600915,0.8639263488600915,0.08500227050116142,0.01527335902997562,0.015874378773653535,0.019923642835117973,Not Reviewed,4
99,282,CAND_282,Changes to the tolerances specified in Table 4‐1 shall be approved by the customer.,Functional Requirement,0.8607579278572463,0.8607579278572463,0.007735658728406575,0.012673068565794032,0.10451964327513756,0.014313701573415577,Not Reviewed,4
100,290,CAND_290,"Random vibration Amplitude (PSD, frequency resolution better than 10Hz) 20 Hz ‐ 1000 Hz 1000 Hz ‐ 2000 Hz Random overall g r.m.s.",Functional Requirement,0.7148613178782318,0.7148613178782318,0.07179421752846069,0.02449527367666581,0.14510594962408313,0.04374324129255861,Not Reviewed,1
101,298,CAND_298,Test accuracies shall be specified in test error budgets and agreed by the customer prior to test performance.,Functional Requirement,0.6875713927982321,0.6875713927982321,0.10867424249194568,0.10909064979030944,0.023004953550364478,0.07165876136914817,Not Reviewed,4
102,300,CAND_300,"The accuracy of test instrumentation shall be verified in accordance with approved calibration procedures, with international measurement standards.",Functional Requirement,0.6139071070267725,0.6139071070267725,0.11387001193468804,0.030452220891749954,0.18048621083962613,0.06128444930716328,Not Reviewed,4
103,301,CAND_301,traceability to All test instrumentation shall be within the normal calibration period at the time of the test.,Functional Requirement,0.40187975497731043,0.40187975497731043,0.08652209864529796,0.31393466989054275,0.17126458683163692,0.0263988896552119,Not Reviewed,4
104,302,CAND_302,"Any anomaly of test instrumentation, detected at the first calibration sequence after the test, shall be reported.",Functional Requirement,0.7205838568196451,0.7205838568196451,0.1922070806556838,0.02313284413324724,0.03785962731260177,0.026216591078822026,Not Reviewed,4
105,303,CAND_303,The accuracy of measurement shall be as follows: 1.,Functional Requirement,0.6380831270476605,0.6380831270476605,0.0323489876521903,0.214133479970382,0.03448496430484361,0.08094944102492355,Not Reviewed,4
106,304,CAND_304,"as per Table 4‐2 for the parameters listed, or at least one third of the tolerance of the variable to be measured.",Functional Requirement,0.9259863523653354,0.9259863523653354,0.014603434892745537,0.01027402636003229,0.025989552861384456,0.023146633520502235,Not Reviewed,4
107,310,CAND_310,"Leak rate ± 0,05 % or 1 g whatever is the heavier Within a 1 mm radius sphere ± 2,5 mm along launch axis ± 1 mm along the other 2 axes ± 3 % for each axis One magnitude lower than the system specification, in Pa m3 s‐1 at standard conditions (1013,25 Pa and 288,15 K).",Usability,0.37258662043062907,0.32779677834348614,0.12066710845376197,0.1350860679690855,0.04386342480303729,0.37258662043062907,Not Reviewed,1
108,312,CAND_312,Temperature above 80 K T< 80 K ± 3 dB ± 2 dB ± 2 K Accuracy to be defined case by case 7.,Functional Requirement,0.6162921961743522,0.6162921961743522,0.051767622160348206,0.017365610014090337,0.0334199276882749,0.2811546439629344,Not Reviewed,4
109,322,CAND_322,The test programme shall be defined taking into account the agreed model philosophy.,Functional Requirement,0.781181979880011,0.781181979880011,0.07901536822130995,0.023081960430932802,0.0702446574247054,0.0464760340430408,Not Reviewed,4
110,324,CAND_324,When preparing the overall test programme of a space segment element tests linked to compatibility with ground and launch segment shall also be included.,Functional Requirement,0.5361131686311104,0.5361131686311104,0.3117951979085146,0.025292475661910306,0.03770353523536227,0.0890956225631026,Not Reviewed,1
111,327,CAND_327,Qualification testing shall be performed to provide evidence that the space its segment element or equipment performs specifications in the intended environments with the specified qualification margins.,Functional Requirement,0.5809178355468957,0.5809178355468957,0.3615193921395782,0.012020394764991348,0.010060670581372798,0.03548170696716198,Not Reviewed,4
112,331,CAND_331,Qualification testing shall be conducted on dedicated qualification models except when using protoflight approach.,Functional Requirement,0.46898352006161037,0.46898352006161037,0.03652538817901908,0.020283307838340446,0.09275349281844017,0.38145429110259005,Not Reviewed,4
113,332,CAND_332,Qualification testing shall be completed and design improvements or modification incorporated and qualified prior to the authorization for the flight product manufacturing.,Functional Requirement,0.5647623078841221,0.5647623078841221,0.2588239358468716,0.03055949287676734,0.0808770127185414,0.06497725067369753,Not Reviewed,1
114,333,CAND_333,Upon achievement of qualification the design files shall not be modified.,Operability,0.4042737789844484,0.396795968938907,0.4042737789844484,0.024985894381689223,0.13392234126729222,0.040022016427663266,Not Reviewed,4
115,335,CAND_335,"Burst test), a representative model different from the QM shall be used or the test shall be performed at the end of the qualification programme.",Operability,0.5554394919023187,0.28613663303621056,0.5554394919023187,0.010743008095511668,0.056936451472752635,0.09074441549320647,Not Reviewed,4
116,336,CAND_336,NOTE This model can be simplified but needs to fully represent the function tested.,Functional Requirement,0.6329699460592839,0.6329699460592839,0.26849583161700974,0.028415558178640905,0.04141210720321908,0.02870655694184644,Not Reviewed,4
117,337,CAND_337,The qualification test levels and durations shall be as specified in Table 5‐2 for space segment equipment and in Table 6‐2 for space segment element.,Functional Requirement,0.8348653964139157,0.8348653964139157,0.12216918666156507,0.010276133057103298,0.01603610423801422,0.01665317962940171,Not Reviewed,4
118,338,CAND_338,NOTE The test durations identified in Table 5‐2 and Table 6‐2 are the minimum values.,Functional Requirement,0.7669038151291644,0.7669038151291644,0.14297667051824994,0.02766550477465433,0.044339028176819964,0.018114981401111386,Not Reviewed,4
119,340,CAND_340,Acceptance testing shall be performed to provide evidence that the space segment element or equipment performs the specifications in the intended environments with the specified acceptance margins.,Functional Requirement,0.5809178355468957,0.5809178355468957,0.3615193921395782,0.012020394764991348,0.010060670581372798,0.03548170696716198,Not Reviewed,4
120,342,CAND_342,"Acceptance testing shall be performed on each flight product, except the one used as Protoflight, to assure freedom from workmanship defects and flawed materials in conformance with ECSS‐E‐ST‐10‐02.",Operability,0.4253324493419887,0.2257219126326616,0.4253324493419887,0.0441714360372114,0.010651695438660928,0.2941225065494773,Not Reviewed,4
121,343,CAND_343,"The acceptance programme shall be performed, after a qualification programme has been completed (as per clause 4.5.2 or clause 4.5.4).",Functional Requirement,0.6460456920100873,0.6460456920100873,0.052690219694048454,0.08823029874750984,0.05967247973248021,0.153361309815874,Not Reviewed,1
122,345,CAND_345,"The acceptance test levels and durations shall be as specified in Table 5‐4 for space segment equipment, and in Table 6‐4 for space segment element levels.",Functional Requirement,0.8417359454510265,0.8417359454510265,0.10618523564488842,0.011088385147076534,0.02250168216856218,0.018488751588446217,Not Reviewed,4
123,346,CAND_346,NOTE The test durations identified in Table 5‐4 and Table 6‐4 are the minimum values.,Functional Requirement,0.7669038151291644,0.7669038151291644,0.14297667051824994,0.02766550477465433,0.044339028176819964,0.018114981401111386,Not Reviewed,4
124,352,CAND_352,"Protoflight testing shall be performed on the first flight model to provide evidence that the space segment element or equipment performs in accordance with the specifications in the intended environments with the specified qualification margins and to confirm its readiness for delivery and subsequent usage, being free from workmanship defects and flawed materials.",Functional Requirement,0.707779036270394,0.707779036270394,0.17132304753523636,0.013892400056754895,0.016232607751842165,0.0907729083857725,Not Reviewed,4
125,355,CAND_355,"Burst test), a representative model different from the PFM shall be used.",Operability,0.6025783623323319,0.281984538653415,0.6025783623323319,0.00882683080187482,0.016551647940190255,0.09005862027218799,Not Reviewed,4
126,357,CAND_357,The protoflight test levels and durations shall be as specified in Table 5‐6 for space segment equipment and in Table 6‐6 for space segment element levels.,Functional Requirement,0.8417359454510265,0.8417359454510265,0.10618523564488842,0.011088385147076534,0.02250168216856218,0.018488751588446217,Not Reviewed,4
127,359,CAND_359,NOTE 2 The test durations identified in Table 5‐6 and Table 6‐6 are the minimum values.,Functional Requirement,0.7669038151291644,0.7669038151291644,0.14297667051824994,0.02766550477465433,0.044339028176819964,0.018114981401111386,Not Reviewed,4
128,364,CAND_364,"The configuration control board (CCB), as per ECSS‐M‐ST‐40, shall convene to evaluate and decide the extent of the qualification test sequence to be repeated.",Functional Requirement,0.8563000040159603,0.8563000040159603,0.06825759303774781,0.02076880213982288,0.032855547713479934,0.02181805309298922,Not Reviewed,3
129,366,CAND_366,The supplier shall identify the testing requirements during storage and post‐ storage.,Functional Requirement,0.6408609386793485,0.6408609386793485,0.26965733010786785,0.022289747783735308,0.028785619249945084,0.03840636417910333,Not Reviewed,4
130,368,CAND_368,Periodic tests shall be assessed and performed with a frequency accounting for: 1.,Functional Requirement,0.616494602489176,0.616494602489176,0.11465473450800807,0.03656089769271979,0.05319261605993577,0.17909714925016038,Not Reviewed,4
131,370,CAND_370,Storage configuration shall be agreed with the customer in particular for the deployable mechanisms.,Functional Requirement,0.8355458667692242,0.8355458667692242,0.04185149756692291,0.02864233156107467,0.04246623682599269,0.051494067276785425,Not Reviewed,4
132,372,CAND_372,The periodic tests during storage shall cover: 1.,Functional Requirement,0.5048239356839731,0.5048239356839731,0.3290475775480527,0.031546497336175504,0.03682290596223979,0.09775908346955889,Not Reviewed,4
133,373,CAND_373,"overall functional test, testing of the rotating parts, power consumption measurement, TT&C space segment subsystem through tests caps (space segment element switched ON), testing of the propulsion space segment subsystem pressure through the telemetry, visual inspection of the separately stored space segment equipment in a suitable clean work area, contamination tests on the contamination probes.",Functional Requirement,0.7550104076718271,0.7550104076718271,0.10379538417651131,0.032751470454986796,0.06096611603829684,0.04747662165837798,Not Reviewed,1
134,376,CAND_376,Any additional test to the one listed in 4.6.3d shall be identified for customer approval.,Functional Requirement,0.8359543372320981,0.8359543372320981,0.07057267285980587,0.025041983803721933,0.042587736663424657,0.025843269440949234,Not Reviewed,4
135,377,CAND_377,The storage procedure shall be submitted to the customer for approval.,Functional Requirement,0.8561722632310186,0.8561722632310186,0.038792799366578534,0.024330266271240818,0.04407197726475204,0.03663269386641014,Not Reviewed,4
136,381,CAND_381,Space segment element or equipment to be re‐flown shall be re‐tested before the new flight in accordance with the verification programme and acceptance criteria defined for the new mission.,Functional Requirement,0.8361553353492532,0.8361553353492532,0.07927536100710153,0.01357793214934283,0.043238938267826994,0.02775243322647557,Not Reviewed,4
137,382,CAND_382,High level (system or element) functional testing shall be performed in preference to individual low level tests.,Functional Requirement,0.5419045320059761,0.5419045320059761,0.022274443146601992,0.2846838318797878,0.08566642424842275,0.06547076871921127,Not Reviewed,1
138,385,CAND_385,Use of qualification space segment element or equipment shall not be allowed unless agreed by the customer.,Functional Requirement,0.6101651471565107,0.6101651471565107,0.015790538896052718,0.014732155507666156,0.2008259505308175,0.15848620790895293,Not Reviewed,4
139,386,CAND_386,Additional testing of qualification space segment element or equipment subsequently selected for flight shall be compatible with the residual life.,Functional Requirement,0.6866624937883415,0.6866624937883415,0.26075831284958106,0.01975479928274238,0.01254388634447145,0.020280507734863583,Not Reviewed,4
140,388,CAND_388,In case of refurbishment or disassembly the qualification space segment element or equipment shall be subjected to an acceptance re‐testing to be agreed with the customer.,Functional Requirement,0.9212128704618415,0.9212128704618415,0.016745520931583813,0.017065057021516977,0.01803927058480685,0.026937281000251,Not Reviewed,2
141,391,CAND_391,The test baseline and sequencing shall be tailored to the specific space segment equipment type for each project.,Functional Requirement,0.7665511687613639,0.7665511687613639,0.19300568778426955,0.010524381677326099,0.014443353934773537,0.015475407842266836,Not Reviewed,4
142,393,CAND_393,"Where space segment equipment falls into two or more types, the combination of all required tests specified for each type shall be applied.",Functional Requirement,0.8497428302669618,0.8497428302669618,0.06155427007445648,0.010233912732035853,0.05832285383946666,0.020146133087079222,Not Reviewed,4
143,396,CAND_396,"The test sequence shall be performed, taking into account tests’ applicability, as defined for qualification in Table 5‐1, for acceptance in Table 5‐3, for protoflight in Table 5‐5.",Functional Requirement,0.8673999709816569,0.8673999709816569,0.030089033794458486,0.013480831807423887,0.026286265198345243,0.06274389821811542,Not Reviewed,4
144,399,CAND_399,Any unusual or unexpected behaviour shall be evaluated to determine the existence of any trend potentially leading to anomaly or failure situation.,Functional Requirement,0.7002257064333123,0.7002257064333123,0.05340648817025948,0.04489056090035465,0.06342099718681146,0.1380562473092621,Not Reviewed,4
145,400,CAND_400,PT and FFT shall be performed at the beginning and at the end of the test programme under ambient conditions.,Functional Requirement,0.5052920900851046,0.5052920900851046,0.30135522954650584,0.03365678224100783,0.11191584218802286,0.04778005593935888,Not Reviewed,4
146,401,CAND_401,NOTE Those tests provide the criteria for judging the integrity of the space segment equipment thought the overall test programme.,Functional Requirement,0.7865988777465899,0.7865988777465899,0.0651963088440069,0.027377277237262555,0.049608599109887026,0.07121893706225375,Not Reviewed,1
147,404,CAND_404,RFT shall be performed before and after each environmental test block as well as before and after transportation.,Functional Requirement,0.6758930357045536,0.6758930357045536,0.13654224945869425,0.032333856657450824,0.05413508778731655,0.10109577039198489,Not Reviewed,4
148,406,CAND_406,"PT, FFT or RFT, as relevant, shall be performed: 1.",Functional Requirement,0.5253212817481423,0.5253212817481423,0.05337224784226726,0.03995373426401359,0.04702655195318421,0.3343261841923927,Not Reviewed,4
149,409,CAND_409,"Space segment equipment, if operated during ascent and descent, shall be powered and configured in the corresponding operating mode during the environmental tests and parameters monitored to detect intermittent or persistent failures during the test.",Functional Requirement,0.5278157682548725,0.5278157682548725,0.43216596758520803,0.007248595949373868,0.015776702364196,0.01699296584634966,Not Reviewed,4
150,410,CAND_410,"Any space segment equipment pressurized during ascent shall be tested as specified in ECSS‐E‐ST‐32‐02 clause 5.4.4, and verified for internal pressure decay.",Functional Requirement,0.8183060585351871,0.8183060585351871,0.13890757242041762,0.01385695444315346,0.01332540332560694,0.015604011275634887,Not Reviewed,4
151,411,CAND_411,Adjustable protection functions shall be tested.,Functional Requirement,0.763286383502869,0.763286383502869,0.06066796778849722,0.03303831728820396,0.11462763666094047,0.02837969475948921,Not Reviewed,4
152,413,CAND_413,"The space segment equipment qualification test baseline shall consist of the tests specified in Table 5‐1 in line with requirement 5.1b, according to the type of the space segment equipment.",Functional Requirement,0.8653618348609434,0.8653618348609434,0.09011671281714437,0.007979706470110712,0.009499497053941711,0.027042248797859714,Not Reviewed,4
153,415,CAND_415,"to Level & Duration Applicability versus types of space segment equipment Application notes a b c d e f g h i j k l ECSS‐E‐ST‐10‐03C 1 June 2012 General Functional and performance (FFT/RFT) Humidity 5.5.1.1 5.5.1.2 Burn‐in Mechanical Physical properties Static load Spin Transient 5.5.1.4 5.5.2.1 5.5.2.2 5.5.2.2 5.5.2.2 Life 5.5.1.3 See Table 5‐2 No 1 X X R R R R R R R R R R R R R R For k (solar array), the deployment test is mandatory before and after the environmental tests (manual deployment before the environmental tests).",Functional Requirement,0.43859085846015766,0.43859085846015766,0.07145951427226745,0.4115867826518304,0.015643645819211707,0.06271919879653269,Not Reviewed,4
154,426,CAND_426,"If it is demonstrated that the susceptibility to shock of the space segment equipment is above the shock environment, the test needs not to be performed.",Operability,0.48472266562448585,0.4682814709969246,0.48472266562448585,0.008141712142481694,0.015574545852151584,0.023279605383956382,Not Reviewed,4
155,427,CAND_427,For k (solar array) shock qualification is performed at components level and confirmed during the deployment test.,Functional Requirement,0.5661644561978714,0.5661644561978714,0.09155622304916397,0.1378739736449371,0.09569513802272585,0.10871020908530168,Not Reviewed,3
156,437,CAND_437,Thermal Ambient test without vacuum test is applicable only to space segment equipment that operate under a non‐vacuum environment during their entire lifetime.,Operability,0.6379217699794792,0.33054445099949425,0.6379217699794792,0.006420914787197927,0.011490975691232867,0.013621888542595776,Not Reviewed,1
157,448,CAND_448,"6 Acoustic Maximum expected acoustic spectrum +3 dB 2 minutes 1 test If margins higher than 3 dB are specified by the Launcher Authority, they apply 7 Sinusoidal vibration KQ x Limit Load Spectrum sweep at 2 Oct/min, The qualification factor KQ is given in ECSS‐ E‐ST‐32‐10 clause 4.3.1 5 Hz ‐ 140 Hz On each of 3 orthogonal axes 48 No Test Levels Duration 8 Shock Maximum expected shock spectrum +3 dB qualification margin Duration representative of the expected environment (See note 1) (See note 2) Number of applications The number of shock application covering the complete life cycle of the FM H/W in all 3 orthogonal axes.",Performance,0.6844008265164818,0.19137503759361638,0.08210080182885002,0.6844008265164818,0.00874355832617283,0.03337977573487899,Not Reviewed,1
158,449,CAND_449,(See note 3) 9 Microvibration susceptibility Maximum predicted environment As needed for susceptibility determination As specified by the project.,Functional Requirement,0.48800807372850574,0.48800807372850574,0.4220000703741745,0.05129677295092263,0.016811109935447235,0.02188397301094986,Not Reviewed,4
159,451,CAND_451,This test is performed with no margins to consolidate the shock specification of the space segment equipment.,Functional Requirement,0.701993680968398,0.701993680968398,0.18191071873688186,0.014606402361554744,0.02704855480345692,0.07444064312970855,Not Reviewed,4
160,454,CAND_454,"49 No Test Levels Duration 10 Leak MDP pressure maintained for 30 minutes as minimum 11 Proof pressure jproof x MDP 5 minutes minimum hold time For the proof factor (jproof), apply ECSS‐E‐ST‐ 32‐02 Tables 4‐1 to 4‐9.",Performance,0.6626847887609186,0.2190048663503827,0.03319803390751242,0.6626847887609186,0.012836080053501505,0.07227623092768463,Not Reviewed,4
161,457,CAND_457,"1 test 13 Design burst pressure jburst x MDP 30 seconds as minimum 1 test For the burst factor (jburst), apply ECSS‐E‐ST‐ 32‐02 Tables 4‐1 to 4‐9.",Performance,0.6600895186202507,0.05014257510152875,0.21839820441461505,0.6600895186202507,0.01815940173346025,0.05321030013014512,Not Reviewed,4
162,462,CAND_462,Note 1: Thermal vacuum and thermal ambient tests are both performed for space segment equipment that operate under a non‐ vacuum environment after having been exposed to vacuum.,Operability,0.6110178684843389,0.340606644904873,0.6110178684843389,0.006717786819053188,0.01180329912857449,0.029854400663160408,Not Reviewed,4
163,465,CAND_465,"Mars mission, Venus mission) Note 2: Thermal Ambient test without vacuum test is applicable only to space segment equipment that operate under a non‐ vacuum environment during their entire lifetime.",Operability,0.6115682043207926,0.3562729475442687,0.6115682043207926,0.006355653616282847,0.011932226597476493,0.013870967921179344,Not Reviewed,1
164,469,CAND_469,"for ESD test See ECSS‐E‐ST‐20‐08 for the solar array and solar panels See ECSS‐E‐ST‐20‐08 for the solar array and solar panels 19 Passive Intermodulation 20 Corona and arc discharge See ECSS‐E‐ST‐20 clause 7.4 Maximum operational voltage and maximum RF output power for RF equipment See ECSS‐E‐ST‐20 clause 7.4 10 to 15 minutes 1 test sweep over the critical pressure range over 10 hPa to 0, 1 hPa For a given frequency, minimum gap within the space segment equipment, and given pressure a Paschen curve is defined.",Functional Requirement,0.5439271097235364,0.5439271097235364,0.1011144775956695,0.28003410417577995,0.014984056454022862,0.05994025205099127,Not Reviewed,4
165,470,CAND_470,This curve has a minimum of power within the pressure range.,Functional Requirement,0.4538222134397515,0.4538222134397515,0.23898424355876377,0.10354410315429492,0.1684562631870003,0.03519317666018955,Not Reviewed,4
166,473,CAND_473,"The space segment equipment acceptance test baseline shall consist of the tests specified in Table 5‐3 in line with requirement 5.1b, according to the type of the space segment equipment.",Functional Requirement,0.8653618348609434,0.8653618348609434,0.09011671281714437,0.007979706470110712,0.009499497053941711,0.027042248797859714,Not Reviewed,4
167,477,CAND_477,"5.5.2.8 See Table 5‐4 No 4 ‐ ‐ X ‐ ‐ ‐ ‐ ‐ ‐ ‐ ‐ ‐ ‐ ‐ ‐ ‐ ‐ ‐ ‐ ‐ ‐ ‐ ‐ ‐ ‐ ‐ ‐ ‐ X X ‐ ‐ ‐ ‐ ‐ ‐ ‐ To be performed, if the total duration of the acceptance test sequence is insufficient to detect material and workmanship defect occurring in the space segment equipment lifetime.",Functional Requirement,0.849707623387116,0.849707623387116,0.07366528649328215,0.03318566574279621,0.014876219842892096,0.028565204533913403,Not Reviewed,4
168,498,CAND_498,"NOTE 2: All tests type are listed independently of their application status: ‐ the black shading indicates that the type of test is never required or optional ‐ the grey shading indicates that there is no test level and duration specified in the Table 5‐4 since it is not a test where an environment is applied to the item under test 55 Table 5‐4: Space segment equipment ‐ Acceptance test levels and duration Test Levels Duration Random vibration Maximum expected spectrum +0dB on PSD values 1 minute Number of applications On each of 3 orthogonal axes Acoustic Maximum expected acoustic spectrum +0dB 1 minute 1 test ECSS‐E‐ST‐10‐03C 1 June 2012 NOTES No 1 2 3 Sinusoidal vibration KA x Limit Load Spectrum The acceptance factor KA is given in ECSS‐ E‐ST‐32‐10 clause 4.3.1 4 Microvibration Maximum predicted environment susceptibility 5 Leak MDP 6 Proof pressure jproof x MDP For the proof factor (jproof), apply ECSS‐E‐ST‐ 32‐02 Tables 4‐1 to 4‐9.",Functional Requirement,0.5753041359645148,0.5753041359645148,0.16049748699979652,0.23900080766532467,0.009118477682507757,0.016079091687856213,Not Reviewed,4
169,500,CAND_500,"Pressure maintained for 30 minutes as minimum In conformance with Figure 5‐1 5 minutes minimum hold time 1 56 No Test 7 Thermal vacuum Levels Duration Number of applications T A max T A min Op NOp Op NOp  T D max  T D min Op NOp Op NOp  5 C  5 C Lower acceptance margin than +/‐5 C, may be used for temperature below ‐170 C.",Performance,0.6310706470603563,0.14100113909115453,0.1294349233284382,0.6310706470603563,0.009998161117371087,0.08849512940268,Not Reviewed,4
170,502,CAND_502,"4 cycles 1 test or 1 or more cycles if combined with ambient cycles (See note 1 & 2) For solar panels, 5 cycles (See note 3) ECSS‐E‐ST‐10‐03C 1 June 2012 NOTES Note 1: Thermal vacuum and thermal ambient tests are both performed for space segment equipment that operate under a non‐vacuum environment after having been exposed to vacuum.",Operability,0.5646918211413694,0.3757836071589081,0.5646918211413694,0.012962961404943926,0.011689514118337813,0.034872096176440756,Not Reviewed,4
171,510,CAND_510,"4 cycles (See Note 2) 1 test or 4 cycles minus the number of cycles performed during the vacuum test 9 EMC Apply ECSS‐E‐ST‐20‐07 clause 5.4 Apply ECSS‐E‐ST‐20‐ 07 Clause 5.4 1 test 10 Passive intermodulation 11 Corona and Arc discharge For equipment see ECSS‐E‐ST‐20 clause 7.4 Maximum operational voltage and maximum RF output power for RF equipment Sweep over the critical pressure range over 10 hPa to 0,1 hPa See ECSS‐E‐ST‐20 clause 7.4 10 to 15 minutes 1 test ECSS‐E‐ST‐10‐03C 1 June 2012 NOTES Note 1: Ambient pressure depends on the type of mission (i.e.",Functional Requirement,0.604386599683235,0.604386599683235,0.04457620065108374,0.2559071571131247,0.008756398225019894,0.08637364432753669,Not Reviewed,4
172,511,CAND_511,"Mars mission, Venus mission) Note 2: Thermal ambient test without vacuum test is applicable only to space segment equipment that operate under a non‐vacuum environment during their entire lifetime.",Operability,0.6115682043207926,0.3562729475442687,0.6115682043207926,0.006355653616282847,0.011932226597476493,0.013870967921179344,Not Reviewed,1
173,513,CAND_513,"For a given frequency, minimum gap within the space segment equipment, and given pressure a Paschen curve is defined.",Functional Requirement,0.7148367260255364,0.7148367260255364,0.1602020365400992,0.02435587079215771,0.08936284856022035,0.011242518081986404,Not Reviewed,4
174,517,CAND_517,"The space segment equipment Protoflight test baseline shall consist of the tests specified in Table 5‐5 in line with requirement 5.1b, according to the type of the space segment equipment.",Functional Requirement,0.8653618348609434,0.8653618348609434,0.09011671281714437,0.007979706470110712,0.009499497053941711,0.027042248797859714,Not Reviewed,4
175,518,CAND_518,The following qualification tests shall be performed on a dedicated model and never on the Protoflight Model: 1.,Functional Requirement,0.6930739723682031,0.6930739723682031,0.11225701290696019,0.030942660871537346,0.03782448350247854,0.12590187035082087,Not Reviewed,4
176,521,CAND_521,"to Level & Duration Applicability versus types of space segment equipment Application notes a b c d e f g h i j k l General Functional and performance (FFT/RFT) Humidity 5.5.1.1 5.5.1.2 Life 5.5.1.3 See Table 5‐6 No 1 Burn‐in Mechanical 5.5.1.4 R R R R R R R R R R R R For k (solar array), the deployment test is mandatory before and after the environmental tests (manual deployment before the environmental tests).",Functional Requirement,0.6083452383172527,0.6083452383172527,0.06570641939051729,0.22418674145607637,0.027044087097732893,0.07471751373842087,Not Reviewed,4
177,552,CAND_552,"NOTE 2: All tests type are listed independently of their application status: ‐ the black shading indicates that the type of test is never required or optional ‐ the grey shading indicates that there is no test level and duration specified in the Table 5‐6 since it is not a test where an environment is applied to the item under test 61 Table 5‐6: Space segment equipment ‐ Protoflight test levels and duration No Test Levels Duration Number of applications NOTES ECSS‐E‐ST‐10‐03C 1 June 2012 1 Life Expected environment and maximum operational load 2 Spin KQ x spin rate The qualification factor KQ is given in ECSS‐E‐ST‐32‐10 For duration and cycles: 1 test For mechanisms, apply ECSS‐E‐ ST‐33‐01 Table 4‐3.",Functional Requirement,0.5822035272989325,0.5822035272989325,0.258442942174784,0.14085202058460794,0.006668361398663454,0.011833148543012064,Not Reviewed,4
178,553,CAND_553,"For batteries, apply ECSS‐E‐ST‐20 As needed to record data On each of 3 orthogonal axes 3 Transient KQ x Limit Load As needed to record data As specified The qualification factor KQ is given in ECSS‐E‐ST‐32‐10 clause 4.3.1 4 Random vibration Maximum expected spectrum +3 dB on PSD values 1 minute On each of 3 orthogonal axes If margins higher than 3 dB are specified by the Launcher Authority, they apply.",Functional Requirement,0.6746386431098704,0.6746386431098704,0.016949011467707976,0.199988567435124,0.09682454331526688,0.01159923467203052,Not Reviewed,4
179,554,CAND_554,"5 Acoustic Maximum expected acoustic spectrum +3 dB 1 minute 1 test If margins higher than 3 dB are specified by the Launcher Authority, they apply 6 Sinusoidal vibration KQ x Limit Load Spectrum sweep at 4 Oct/min, The qualification factor KQ is given in ECSS‐E‐ST‐32‐10 clause 4.3.1 5 Hz – 140 Hz On each of 3 orthogonal axes 62 No Test Levels Duration Number of applications 7 Shock Maximum expected shock spectrum +3 dB margin As specified by the project.",Functional Requirement,0.4631657721328808,0.4631657721328808,0.04073717378481291,0.4536081876893839,0.013988674814959887,0.028500191577962564,Not Reviewed,4
180,555,CAND_555,1 test (See note 1) (See note 2) 8 Microvibration Maximum predicted environment susceptibility 9 Leak MDP As needed for susceptibility determination As specified by the project.,Functional Requirement,0.5076109588770328,0.5076109588770328,0.41415599562838173,0.037078931325448566,0.018914752473980733,0.022239361695156147,Not Reviewed,4
181,556,CAND_556,Pressure maintained for 30 minutes as minimum In conformance with Figure 5‐1.,Performance,0.6332810851592986,0.113418197094216,0.07214130547215339,0.6332810851592986,0.01749964010574691,0.16365977216858504,Not Reviewed,4
182,557,CAND_557,"10 Proof pressure jproof x MDP 5 minutes minimum hold time 1 test For the proof factor (jproof), apply ECSS‐E‐ ST‐32‐02 Tables 4‐1 to 4‐9.",Performance,0.5820556473248365,0.3060127685967775,0.040415949514680874,0.5820556473248365,0.01597086910076293,0.05554476546294218,Not Reviewed,4
183,565,CAND_565,13 EMC See ECSS‐E‐ST‐20‐07 clause 5.4 See ECSS‐E‐ST‐20‐07 clause 5.4 1 test ECSS‐E‐ST‐10‐03C 1 June 2012 NOTES Note 1: Thermal vacuum and thermal ambient tests are both performed for space segment equipment that operate under a non‐vacuum environment after having been exposed to vacuum.,Operability,0.5278312683798085,0.423074198916204,0.5278312683798085,0.011024026034107823,0.008509319424090483,0.02956118724578919,Not Reviewed,4
184,572,CAND_572,"for ESD test See ECSS‐E‐ST‐20‐08 for the solar array and solar panels See ECSS‐E‐ST‐20‐08 for the solar array and solar panels 15 Passive See ECSS‐E‐ST‐20 clause 7.4 Intermodulation See ECSS‐E‐ST‐20 clause 7.4 ECSS‐E‐ST‐10‐03C 1 June 2012 NOTES 16 Corona and arc discharge Maximum operational voltage and maximum RF output power for RF equipment sweep over the critical pressure range over 10 hPa to 0,1 hPa 10 to 15 minutes 1 test For a given frequency, minimum gap within the space segment equipment, and given pressure a Paschen curve is defined.",Functional Requirement,0.49169627443931585,0.49169627443931585,0.09295388317312067,0.3330379726180555,0.014020858461021338,0.06829101130848667,Not Reviewed,4
185,575,CAND_575,65 ECSS‐E‐ST‐10‐03C 1 June 2012 5.5 Space segment equipment test programme implementation requirements 5.5.1 General tests 5.5.1.1 Functional and performance tests a.,Functional Requirement,0.5094320658198651,0.5094320658198651,0.24470084416890825,0.14853798132147286,0.0152625241845727,0.08206658450518112,Not Reviewed,4
186,576,CAND_576,"Functional tests shall verify the complete function of the space segment equipment, under the specified operating and environment conditions and in all operational modes.",Operability,0.6924362754628345,0.2585859678783116,0.6924362754628345,0.025057709291430707,0.009705118873929485,0.014214928493493617,Not Reviewed,1
187,577,CAND_577,"tests shall verify Performance the space segment equipment that performances, under the specified environment, are compliant with the performances specification.",Functional Requirement,0.508722739938191,0.508722739938191,0.3874008896596671,0.06784403366642826,0.011915615010179284,0.02411672172553444,Not Reviewed,4
188,580,CAND_580,"In case of internal redundancy, functional tests shall be performed on both chains taking into account the type of redundancy (e.g.",Functional Requirement,0.8601406267899326,0.8601406267899326,0.021188518689556537,0.018949583772288812,0.021406622467669462,0.07831464828055246,Not Reviewed,4
189,582,CAND_582,"In case of cross‐strapped configurations, requirements for testing shall be agreed with the customer.",Functional Requirement,0.8932608433706986,0.8932608433706986,0.023504757848565837,0.02460874397440382,0.02296896846341738,0.03565668634291449,Not Reviewed,4
190,583,CAND_583,Test parameters shall be varied throughout their specification ranges and the sequences expected in flight operation.,Functional Requirement,0.8270153026180871,0.8270153026180871,0.06750379929001803,0.02900523578429453,0.03356145147537421,0.04291421083222605,Not Reviewed,4
191,584,CAND_584,"Electrical tests shall include application of expected voltages, impedance, frequencies, pulses, and wave forms at the electrical interface of the space segment equipment, including all redundant circuits if any.",Operability,0.5124897511106731,0.45172417682597005,0.5124897511106731,0.01555009024665945,0.0033981688743595527,0.016837812942337726,Not Reviewed,4
192,586,CAND_586,Electrical test shall include the measurement of the electrical properties at the interfaces as specified in the ICD.,Functional Requirement,0.8492348072361183,0.8492348072361183,0.09284321530090119,0.009564228372322993,0.029307727470430357,0.019050021620227186,Not Reviewed,4
193,588,CAND_588,forms characteristic at Fault voltage tolerance of interface circuit shall be tested to ensure absence of failure propagation risks.,Operability,0.7169247048991145,0.10227320746724707,0.7169247048991145,0.013977407183191825,0.15062201986264068,0.01620266058780587,Not Reviewed,4
194,589,CAND_589,"When accessible, protection functions shall be tested.",Functional Requirement,0.7296306313032741,0.7296306313032741,0.030233781360838714,0.019624873808379774,0.17873827131057732,0.041772442216930106,Not Reviewed,4
195,592,CAND_592,"When protection function have the capability to be overwritten, the overwrite function shall be tested.",Functional Requirement,0.7119351161603584,0.7119351161603584,0.19734707441909288,0.02431562847143164,0.038963650193724116,0.027438530755392904,Not Reviewed,4
196,593,CAND_593,"For the solar array, the performance tests shall include the flasher test.",Functional Requirement,0.6911065584744754,0.6911065584744754,0.023400359962753196,0.2315128822128564,0.011470999287480802,0.042509200062434076,Not Reviewed,4
197,594,CAND_594,"Mechanical tests shall include application of torque, load and motion as specified.",Functional Requirement,0.6091402928529748,0.6091402928529748,0.05757677673960597,0.30418074830610986,0.007461149543870109,0.021641032557439297,Not Reviewed,4
198,595,CAND_595,"When relevant, internal alignment shall be verified as part of the functional test.",Functional Requirement,0.7515165014743803,0.7515165014743803,0.09962962931990246,0.02844859708452028,0.04078687920159891,0.07961839291959807,Not Reviewed,4
199,597,CAND_597,If the space segment equipment can be exposed to humidity level above 65 % during its life time then a humidity qualification test shall be performed.,Functional Requirement,0.61478516204436,0.61478516204436,0.06149683656667977,0.2650482214380619,0.025538731375529505,0.033131048575368756,Not Reviewed,4
200,599,CAND_599,For qualification humidity test the space segment equipment shall be installed in the chamber and tested in accordance with the following processes and steps: 1.,Operability,0.46954834849235505,0.43143564729807693,0.46954834849235505,0.00957607936848233,0.036806872844727716,0.05263305199635807,Not Reviewed,4
201,603,CAND_603,Perform the following process: (a) (b) Increase the temperature to +35 °C over a one hour period.,Security,0.3006100685177847,0.23834378455468386,0.17451151897431125,0.22120629824393578,0.3006100685177847,0.06532832970928441,Not Reviewed,4
202,604,CAND_604,Increase the humidity to not less than 95 % over a one hour period with the temperature maintained at +35 °C.,Functional Requirement,0.3215950900992101,0.3215950900992101,0.019720178101675378,0.20149531731221382,0.2551142335335147,0.20207518095338592,Not Reviewed,4
203,611,CAND_611,Perform the following process: (a) Increase the chamber temperature to +35 °C over a two hour period without adding any moisture to the chamber.,Security,0.3006100685177847,0.23834378455468386,0.17451151897431125,0.22120629824393578,0.3006100685177847,0.06532832970928441,Not Reviewed,4
204,612,CAND_612,(b) Dry the test component with air at room temperature and 50 % maximum relative humidity by blowing air through the chamber for six hours.,Functional Requirement,0.6689003598266259,0.6689003598266259,0.04679968620341651,0.14719131611970787,0.030742779292072853,0.10636585855817701,Not Reviewed,3
205,616,CAND_616,Perform the following process: (a) Place the space segment equipment in the test chamber and increase the temperature to +35 °C.,Functional Requirement,0.4795486300699758,0.4795486300699758,0.3929536647818255,0.015075013600683956,0.022781833268546672,0.0896408582789682,Not Reviewed,4
206,618,CAND_618,(c) Maintain conditions 5.5.1.2b.5(a) and 5.5.1.2b.5(b) for at least one hour.,Functional Requirement,0.4597705349340905,0.4597705349340905,0.08843765458146785,0.2254359190873653,0.2016678337322358,0.024688057664840623,Not Reviewed,4
207,620,CAND_620,(e) Maintain conditions 5.5.1.2b.5(d) for at least one hour.,Functional Requirement,0.4597705349340905,0.4597705349340905,0.08843765458146785,0.2254359190873653,0.2016678337322358,0.024688057664840623,Not Reviewed,4
208,622,CAND_622,Check the space segment equipment prior to the test and at the end of Cycle 3 (within 2 h after the drying) and visually inspect for deterioration or damage.,Functional Requirement,0.5858410796493849,0.5858410796493849,0.2686603725180332,0.05415934113449654,0.06662475161811174,0.024714455079973635,Not Reviewed,4
209,627,CAND_627,The life test for space segment equipment qualification shall be designed to demonstrate the ability of the space segment equipment to withstand the maximum operating the maximum number of predicted operational cycles during the “product lifetime” by providing the required performance at the end of life.,Functional Requirement,0.4389242988952171,0.4389242988952171,0.27631446736233223,0.2486665963143461,0.015545478729815728,0.02054915869828892,Not Reviewed,4
210,628,CAND_628,time and NOTE This test is performed on life‐limited space segment equipment or part of it.,Functional Requirement,0.7729270670764175,0.7729270670764175,0.0667106862007402,0.10773001778907532,0.01911592552295465,0.03351630341081241,Not Reviewed,4
211,629,CAND_629,The space segment equipment shall be set up to operate under the environmental conditions expected during actual operation.,Functional Requirement,0.5499957536991428,0.5499957536991428,0.39862564434209746,0.02976230304994898,0.01025619085497303,0.011360108053837744,Not Reviewed,4
212,632,CAND_632,"ambient, thermal, If the launch impacts the lifetime, test simulating the launch constraints shall be performed prior the lifetime test to ensure proper mechanical setting.",Operability,0.42338498961549764,0.25254593681610377,0.42338498961549764,0.02003014430828754,0.23176379819524806,0.07227513106486295,Not Reviewed,4
213,634,CAND_634,"launch constraints are vibration, The space segment equipment shall be either selected at random from production lot or be the qualification space segment equipment.",Functional Requirement,0.8073895983622972,0.8073895983622972,0.10218186844410315,0.012179458323266085,0.05388026831190571,0.02436880655842792,Not Reviewed,4
214,635,CAND_635,"The demonstration of the lifetime shall be performed in the expected environment, using the sum of the predicted nominal ground cycle and the in‐orbit cycle plus the qualification margins.",Operability,0.43689657454428465,0.23065982712539893,0.43689657454428465,0.126401154560316,0.04619977504216168,0.15984266872783867,Not Reviewed,4
215,637,CAND_637,"NOTE 2 For space segment equipment that operate continuously in orbit, or at very high duty cycles, techniques can be employed accelerated test 68 ECSS‐E‐ST‐10‐03C 1 June 2012 pending demonstration that this leads to realistic results and approval by the customer.",Functional Requirement,0.8132477605623956,0.8132477605623956,0.0975894289477002,0.0625289246987591,0.009977407858554254,0.016656477932590875,Not Reviewed,4
216,638,CAND_638,Performances shall be monitored continuously or at regular intervals.,Functional Requirement,0.833279334064547,0.833279334064547,0.03841874862850083,0.034411860650948076,0.04958785661266025,0.044302200043343884,Not Reviewed,4
217,639,CAND_639,All the components of an actuation chain shall be submitted to the same number of actuations.,Functional Requirement,0.7525447423605238,0.7525447423605238,0.018330393057946363,0.1568008113281153,0.029546791146381278,0.04277726210703323,Not Reviewed,3
218,642,CAND_642,"The total operating time and temperature for electrical space segment equipment burn‐in, shall be agreed with the customer.",Functional Requirement,0.678746576574636,0.678746576574636,0.14096694319487635,0.16227646632019646,0.008777778025791046,0.00923223588450028,Not Reviewed,4
219,643,CAND_643,NOTE 1 Those parameters depend on the type of space level of test segment equipment and of the performed at components / subassembly level.,Functional Requirement,0.7445382561226319,0.7445382561226319,0.06344651757857818,0.12968820554576693,0.039077049918403925,0.023249970834619098,Not Reviewed,2
220,646,CAND_646,The following physical properties of space segment equipment shall be determined using tools and techniques that conform to the required accuracy: 1.,Functional Requirement,0.5539108162685663,0.5539108162685663,0.16152667048917763,0.007320066248319729,0.04670638297718558,0.23053606401675086,Not Reviewed,4
221,652,CAND_652,"The space segment equipment shall be in launch configuration, unless this configuration cannot be reproduced on ground.",Functional Requirement,0.7873884803149982,0.7873884803149982,0.12259530168314044,0.029262099737350118,0.02650503764627758,0.034249080618233466,Not Reviewed,4
222,654,CAND_654,The space segment equipment shall be mounted to a test fixture through its normal mounting points.,Functional Requirement,0.7429526418645781,0.7429526418645781,0.14481569618025247,0.01250181120740495,0.04693724422556197,0.05279260652220248,Not Reviewed,4
223,655,CAND_655,"When a centrifuge is used, it shall be ensured that the length of the arm (measured to the geometric centre of the space segment equipment) is at least five times the dimension of the space segment equipment measured along the arm.",Functional Requirement,0.5275082517924087,0.5275082517924087,0.3576123512223644,0.008733345448710253,0.012911463613443886,0.09323458792307279,Not Reviewed,4
224,658,CAND_658,Random vibration tests shall be conducted in launch configuration for all axes.,Functional Requirement,0.6517409721909212,0.6517409721909212,0.11260286055829143,0.032377717911877046,0.09055911343158261,0.11271933590732774,Not Reviewed,4
225,659,CAND_659,The induced cross axis accelerations at the attachment points shall be limited to the maximum test levels specified for the cross axis.,Functional Requirement,0.7360664243917945,0.7360664243917945,0.053654949004495786,0.08321336191021689,0.04385600344473527,0.08320926124875758,Not Reviewed,4
226,660,CAND_660,In order to evaluate the space segment equipment integrity a resonance search shall be performed before and after the random vibration test.,Functional Requirement,0.7648750625511361,0.7648750625511361,0.062193876877964585,0.01816127002185085,0.1241533895822243,0.030616400966824088,Not Reviewed,4
227,661,CAND_661,The success criteria for the resonance search shall be: 1.,Functional Requirement,0.7943306423758549,0.7943306423758549,0.009733082139188401,0.1514468680858949,0.03297234852423261,0.01151705887482907,Not Reviewed,4
228,663,CAND_663,Detailed visual checks shall be carried out when functional tests are not performed.,Functional Requirement,0.632756768903173,0.632756768903173,0.08450970845628467,0.03604407758129088,0.06329331712955696,0.18339612792969445,Not Reviewed,4
229,664,CAND_664,"For space segment equipment which is designed to be re‐flown, the qualification test duration per axis shall be in conformance with Table 5‐2 plus 50 seconds per additional flight.",Performance,0.5220229944246375,0.34871266781353416,0.07732231873472037,0.5220229944246375,0.005997691046391168,0.04594432798071672,Not Reviewed,4
230,666,CAND_666,"Acoustic tests shall be conducted in a reverberating chamber, with the space segment equipment in launch configuration mounted on a test fixture simulating the dynamic flight mounting conditions.",Functional Requirement,0.6024697501611177,0.6024697501611177,0.28295397083487384,0.05465267787912026,0.020424941329401803,0.0394986597954865,Not Reviewed,4
231,668,CAND_668,"solar arrays, antennas; for this type of space segment equipment random vibration testing is not performed.",Functional Requirement,0.7888329753585485,0.7888329753585485,0.10868208817244966,0.01325614337311464,0.04934129239185591,0.039887500704031374,Not Reviewed,4
232,669,CAND_669,The space segment equipment and the test fixture shall be decoupled from chamber floor and wall structure born vibration.,Functional Requirement,0.615970533422253,0.615970533422253,0.32771939028807795,0.013551965386372655,0.02056060891770266,0.022197501985593733,Not Reviewed,4
233,670,CAND_670,In order to evaluate the space segment equipment integrity a low level acoustic run (‐8 dB the qualification level) shall be performed before and after the acoustic qualification run by determining resonant frequencies.,Functional Requirement,0.5992679654797304,0.5992679654797304,0.18166733359293302,0.032811649956730735,0.16119873164117493,0.0250543193294309,Not Reviewed,4
234,673,CAND_673,"For space segment equipment which is designed to be re‐flown, the qualification test duration shall be in conformance with Table 5‐2 plus 50 seconds per additional flight.",Performance,0.5220229944246375,0.34871266781353416,0.07732231873472037,0.5220229944246375,0.005997691046391168,0.04594432798071672,Not Reviewed,4
235,675,CAND_675,Sinusoidal tests shall be conducted in the launch configurations for all axes.,Functional Requirement,0.5888630302643276,0.5888630302643276,0.1496182627893631,0.036158081522615626,0.04390260557121149,0.18145801985248222,Not Reviewed,4
236,676,CAND_676,A resonance search shall be performed before and after the sinusoidal vibration test to determine resonance frequencies to evaluate the space segment equipment integrity.,Functional Requirement,0.7460618714688148,0.7460618714688148,0.07206144471509353,0.024952805670750783,0.10788704204687413,0.04903683609846675,Not Reviewed,4
237,679,CAND_679,Detailed visual checks shall be carried out prior and after test to check for visual damage.,Functional Requirement,0.5312768495450302,0.5312768495450302,0.3528183866445155,0.05086705788254482,0.02406226362945051,0.040975442298459064,Not Reviewed,4
238,680,CAND_680,The induced cross axis excitation shall be monitored to check that the response in the cross axis does not exceed the specification.,Functional Requirement,0.5182772870848924,0.5182772870848924,0.03155364725091958,0.36439474201256866,0.04323977030139359,0.04253455335022584,Not Reviewed,4
239,682,CAND_682,Shock tests shall be conducted in the item under test configuration relevant to the event where the shock is produced.,Functional Requirement,0.754976662750577,0.754976662750577,0.04845597650976251,0.03003675727122242,0.017973829018725455,0.14855677444971266,Not Reviewed,4
240,685,CAND_685,"Equipment powered during the event where the shock is produced, shall be powered during the test.",Functional Requirement,0.8539836323562296,0.8539836323562296,0.0801282441737343,0.02649657642089139,0.01438207780679152,0.025009469242353193,Not Reviewed,4
241,686,CAND_686,The equipment shall be mounted to a fixture using its normal mounting points.,Functional Requirement,0.6338460329478732,0.6338460329478732,0.02532011716684705,0.007586914844479277,0.0834601790239306,0.24978675601686992,Not Reviewed,4
242,687,CAND_687,"The selected test method shall achieve the specified Shock Response Spectrum with a representative transient, comparable in shape and duration to the expected in‐flight shock.",Functional Requirement,0.7259728129934848,0.7259728129934848,0.050356192552734644,0.19417708548493043,0.01309770899646007,0.016396199972390064,Not Reviewed,4
243,689,CAND_689,Detailed visual checks shall be carried out.,Functional Requirement,0.7412842804784728,0.7412842804784728,0.1376651155272812,0.03977226442138615,0.031196614218509455,0.05008172535435037,Not Reviewed,4
244,690,CAND_690,Hardware integrity shall be verified after the test.,Operability,0.4561871892423948,0.20974053442798227,0.4561871892423948,0.05130985031446028,0.25977420562542897,0.02298822038973377,Not Reviewed,4
245,692,CAND_692,The induced cross axis excitation shall be monitored to check that the response in the cross axis do not exceed the specification.,Functional Requirement,0.5182772870848924,0.5182772870848924,0.03155364725091958,0.36439474201256866,0.04323977030139359,0.04253455335022584,Not Reviewed,4
246,694,CAND_694,The homogeneity of the shock around the equipment under test shall be monitored by at least one pair of sensors mounted at opposite corners of the equipment.,Functional Requirement,0.857935675857943,0.857935675857943,0.09943312711017152,0.011550909531303347,0.013778159980730625,0.01730212751985156,Not Reviewed,3
247,696,CAND_696,The measurements of the space segment equipment interface dynamic forces and torques shall be performed.,Operability,0.5130744074935161,0.41550752541622044,0.5130744074935161,0.03284022289983679,0.008125263051855089,0.03045258113857153,Not Reviewed,4
248,697,CAND_697,The space segment equipment shall be configuration similar to the on‐orbit operational conditions.,Functional Requirement,0.5092423776341665,0.5092423776341665,0.4415124454645872,0.01695042589684121,0.015726771950852005,0.016567979053553082,Not Reviewed,4
249,699,CAND_699,The performance parameters shall be measured when subjected to the maximum predicted micro‐vibration environment.,Performance,0.5353932541717836,0.18521887291458622,0.24075243531501914,0.5353932541717836,0.011309335146000105,0.02732610245261105,Not Reviewed,4
250,700,CAND_700,The space segment shall be in its nominal operational configuration similar to the on‐orbit operational conditions.,Operability,0.5991673191315806,0.3283240536552181,0.5991673191315806,0.02207348217921214,0.026368307124549534,0.024066837909439663,Not Reviewed,4
251,702,CAND_702,"Leak tests shall be performed only on sealed or pressurized space segment equipment, sensitive to loss of pressure or vacuum.",Functional Requirement,0.7317255402606027,0.7317255402606027,0.07752636760362801,0.02110160288219732,0.07190765265600489,0.09773883659756695,Not Reviewed,4
252,703,CAND_703,The leak test shall demonstrate the ability of sealed or pressurized space segment equipment to conform to the leak rates stated in the specifications.,Functional Requirement,0.7368333938905502,0.7368333938905502,0.20379550505887906,0.010539882039303599,0.015411074472108082,0.0334201445391591,Not Reviewed,4
253,704,CAND_704,The leak test method employed shall have sensitivity and accuracy consistent with the space segment equipment specified maximum allowable leak rate.,Functional Requirement,0.7372384817141909,0.7372384817141909,0.11302242497755928,0.06972273999913349,0.026535941877114694,0.05348041143200179,Not Reviewed,4
254,705,CAND_705,"The sensitivity of the leak test, in particular, shall be quantitatively less than the minimum leak rate to be detected by a factor of at least two to ensure reliability of measurements.",Security,0.5828817448247815,0.17145523119423997,0.14652177549520232,0.0710243868611643,0.5828817448247815,0.028116861624611765,Not Reviewed,4
255,706,CAND_706,Leak tests shall be performed prior to and following the completion of space segment equipment thermal and mechanical tests.,Functional Requirement,0.6147334572234151,0.6147334572234151,0.23602093542347452,0.01431188400931469,0.021351416130801482,0.11358230721299427,Not Reviewed,4
256,707,CAND_707,Leak tests shall be conducted prior to and following proof pressure tests.,Functional Requirement,0.5831749521042419,0.5831749521042419,0.24062402002030484,0.023117620271105664,0.033913686110566256,0.1191697214937815,Not Reviewed,4
257,708,CAND_708,"When temperature potentially affects the sealing materials or surfaces, an evaluation of the hardware design and operational characteristics shall be performed and, if technically warranted, the leak test conducted at the minimum and maximum qualification or acceptance temperature limits for respectively qualification or acceptance test.",Operability,0.6683099300461064,0.10808560623717026,0.6683099300461064,0.1528038924651959,0.03516419711046306,0.03563637414106453,Not Reviewed,4
258,709,CAND_709,"If seals are dependent upon differential pressure for proper sealing, leak tests shall be performed with the space segment equipment pressurized at the maximum operating pressure and at the minimum operating pressure.",Operability,0.6775130139559822,0.20344759283575048,0.6775130139559822,0.056794545730395864,0.021631833895559782,0.04061301358231155,Not Reviewed,4
259,711,CAND_711,The proof pressure qualification test shall be performed to demonstrate absence of leak and permanent deformation.,Functional Requirement,0.6460606946172471,0.6460606946172471,0.15766802444323105,0.03539557940611092,0.05044296105775994,0.11043274047565102,Not Reviewed,4
260,713,CAND_713,The proof pressure acceptance test shall be performed to demonstrate absence of workmanship problem leading to leak above the specification.,Functional Requirement,0.6143538374972148,0.6143538374972148,0.11461816146860923,0.031136192859108014,0.04423438115164637,0.19565742702342143,Not Reviewed,4
261,714,CAND_714,The influence of temperature on test validity shall be in conformance with ECSS‐E‐ST‐32‐02 requirements 5.4.1c and 5.5.1b.,Functional Requirement,0.5594187619515589,0.5594187619515589,0.3514240323189031,0.024310823170923535,0.02969153420251175,0.03515484835610262,Not Reviewed,4
262,716,CAND_716,Pressure cycling test shall be performed in conformance with ECSS‐E‐ST‐32‐02 clause 5.4.5.,Functional Requirement,0.5820650613382521,0.5820650613382521,0.1977947937276469,0.03735459438508023,0.051838601004977766,0.130946949544043,Not Reviewed,4
263,717,CAND_717,The influence of temperature on test validity shall be taken into account by applying ECSS‐E‐ST‐32‐02 requirement 5.4.1c.,Functional Requirement,0.7600690885332256,0.7600690885332256,0.06737119078306501,0.029420775563496804,0.06925759761723363,0.07388134750297902,Not Reviewed,4
264,720,CAND_720,"After burst pressure, no space segment equipment or any of its parts shall be used for further qualification activities or as flight hardware.",Operability,0.6718568089525638,0.24508369388773005,0.6718568089525638,0.014882955380441326,0.01468528563186731,0.05349125614739764,Not Reviewed,4
265,722,CAND_722,Burst test shall be performed in conformance with ECSS‐E‐ST‐32‐02 clause 5.4.7.,Functional Requirement,0.5820650613382521,0.5820650613382521,0.1977947937276469,0.03735459438508023,0.051838601004977766,0.130946949544043,Not Reviewed,4
266,724,CAND_724,Both thermal vacuum and thermal ambient tests shall be performed for space segment equipment that operate under a non‐vacuum environment after having been exposed to vacuum.,Operability,0.6324601379680024,0.319108883570027,0.6324601379680024,0.007651822824621113,0.010115907940365303,0.03066324769698432,Not Reviewed,4
267,726,CAND_726,"Thermal balance phase(s), if required, shall be included in the thermal vacuum or thermal ambient test at a pressure value corresponding to the type of mission.",Functional Requirement,0.8165746911441134,0.8165746911441134,0.10007962039577281,0.01639826877197511,0.04875519881133185,0.018192220876806747,Not Reviewed,4
268,729,CAND_729,All space segment equipment temperatures shall refer to the temperature reference point.,Functional Requirement,0.7996907722428822,0.7996907722428822,0.08768482284276394,0.01566643362248448,0.03957590148530847,0.05738206980656091,Not Reviewed,4
269,730,CAND_730,The space segment equipment temperatures shall be defined for the following conditions: 1.,Functional Requirement,0.5471622398407008,0.5471622398407008,0.38190956545933663,0.018675899539065684,0.03213390283475159,0.02011839232614535,Not Reviewed,4
270,731,CAND_731,minimum and maximum operating qualification and acceptance; 73 ECSS‐E‐ST‐10‐03C 1 June 2012 2.,Operability,0.5243797333479638,0.06210534361998611,0.5243797333479638,0.3565053839121634,0.023857292270485185,0.033152246849401365,Not Reviewed,4
271,732,CAND_732,"minimum and maximum non‐operating qualification, and acceptance; minimum switch ON and maximum (as relevant).",Operability,0.507112586660937,0.11135660034481727,0.507112586660937,0.28409553487917927,0.04856440787496954,0.04887087024009705,Not Reviewed,4
272,733,CAND_733,The test level shall take into account the test tolerances as specified in Table 4‐1.,Functional Requirement,0.8538959971615292,0.8538959971615292,0.056974992693027214,0.027202095124575137,0.04047252725905328,0.021454387761815113,Not Reviewed,4
273,734,CAND_734,The temperature rate of change shall be lower than 20 K per minute.,Functional Requirement,0.7866200113574834,0.7866200113574834,0.06390025640439216,0.10169022023978665,0.015402249434034624,0.032387262564303146,Not Reviewed,4
274,735,CAND_735,Functional test shall only start after a dwell time greater or equal to 2 hours.,Functional Requirement,0.5340629914612783,0.5340629914612783,0.07680656442182461,0.28865893353522193,0.027976311177043616,0.07249519940463153,Not Reviewed,4
275,736,CAND_736,"Test profile, test configuration, number of cycles, extreme temperatures, temperature rate of change, stability criteria, dwell time duration, tests to be performed and success criteria shall be defined in the test specification.",Functional Requirement,0.7018715458525084,0.7018715458525084,0.061797816886041176,0.18009189891783522,0.012515008665045176,0.04372372967857008,Not Reviewed,4
276,737,CAND_737,The test profile shall include a non operating cycle.,Functional Requirement,0.6237108581918992,0.6237108581918992,0.338267613797689,0.019154339839042488,0.009789432509666438,0.009077755661702876,Not Reviewed,4
277,738,CAND_738,The space segment equipment shall be subjected to functional test before and after the thermal test.,Functional Requirement,0.6929620574583132,0.6929620574583132,0.23006328724527,0.016597535475253257,0.033827475154893524,0.026549644666270033,Not Reviewed,4
278,739,CAND_739,Functional tests shall be performed as a minimum at hot and cold operating temperatures.,Operability,0.633418123598822,0.17225559150210362,0.633418123598822,0.050336822252073324,0.07150766132411888,0.07248180132288214,Not Reviewed,4
279,741,CAND_741,Cold (and as applicable Hot) switch on capabilities shall be demonstrated.,Functional Requirement,0.5659983811207386,0.5659983811207386,0.03573698023885917,0.031989485292883,0.3161764554089265,0.05009869793859264,Not Reviewed,4
280,742,CAND_742,"In case of internal redundancy, thermal tests shall be performed on both chains taking into account the type of redundancy (e.g.",Functional Requirement,0.8672262339351835,0.8672262339351835,0.01972605746335581,0.0184104734635921,0.015527778720678212,0.07910945641719021,Not Reviewed,4
281,745,CAND_745,The space segment equipment operative configuration during the test shall be the most severe one in the power time domain and from the power consumption point of view.,Functional Requirement,0.8532652029145613,0.8532652029145613,0.03699070690021219,0.07980101461669456,0.008629687625190865,0.021313387943341096,Not Reviewed,4
282,746,CAND_746,Monitoring for corona shall be conducted during chamber pressure reduction for space segment equipment that are critical with regard to corona effect.,Functional Requirement,0.7777127690490625,0.7777127690490625,0.14418273648841387,0.01590524960073781,0.020826020821688638,0.04137322404009734,Not Reviewed,4
283,748,CAND_748,"Test methods and test set‐up shall be defined according to the thermal environment characteristics, the TCS thermal design and the space segment equipment itself.",Functional Requirement,0.5652621636969506,0.5652621636969506,0.3973524624348354,0.011063206517374562,0.01404074405362149,0.01228142329721798,Not Reviewed,4
284,749,CAND_749,The test set‐up shall ensure appropriate orientation for space segment equipment containing two phases heat transport equipment (e.g.,Functional Requirement,0.5615785228792562,0.5615785228792562,0.023107440204973205,0.015036650212048105,0.38608138677070236,0.014195999933020037,Not Reviewed,4
285,753,CAND_753,Thermal vacuum testing shall be performed for space segment equipment whose operation occurs in space vacuum environment at any time of its lifetime.,Functional Requirement,0.6448855431767788,0.6448855431767788,0.27802552782859946,0.04090802534226819,0.013602314153732298,0.02257858949862122,Not Reviewed,4
286,755,CAND_755,Space segment equipment shall be tested at a pressure of 10‐5 hPa or less.,Functional Requirement,0.7746031827017449,0.7746031827017449,0.11659989466711385,0.04562555400722047,0.01832552616453261,0.044845842459388316,Not Reviewed,4
287,756,CAND_756,Conditions and test set‐up shall be such as to avoid contamination of the equipment.,Functional Requirement,0.7010260665216352,0.7010260665216352,0.136795637870768,0.12027936570686473,0.015765241174979135,0.026133688725752946,Not Reviewed,4
288,757,CAND_757,In line with requirement 5.5.4.2c the test profile should start with a maximum non‐operating temperature.,Functional Requirement,0.45507108760060044,0.45507108760060044,0.4328768929732404,0.03619043299049138,0.014318524761228075,0.0615430616744397,Not Reviewed,4
289,758,CAND_758,"For solar array, continuity and insulation resistance shall be monitored during the test as per ECSS‐E‐ST‐20‐08 requirements 5.5.3.11.2 f and g.",Functional Requirement,0.6415295657169016,0.6415295657169016,0.2896083445884793,0.019010767087374474,0.021985042820940794,0.02786627978630383,Not Reviewed,4
290,760,CAND_760,Test approach with thermal ambient test without vacuum test shall be selected only for space segment equipment that operates under a non‐ vacuum environment during their entire lifetime.,Functional Requirement,0.5511658559382778,0.5511658559382778,0.4164136531943405,0.008259327032947957,0.010460187035065991,0.013700976799367787,Not Reviewed,1
291,762,CAND_762,Pressure value for the thermal ambient test shall be as per type of mission.,Functional Requirement,0.7368660411636794,0.7368660411636794,0.18845501956932914,0.020037845482459297,0.027818920236017314,0.026822173548514898,Not Reviewed,4
292,765,CAND_765,Climatic conditions shall be such as to avoid condensation on the item under test.,Functional Requirement,0.5348552654779224,0.5348552654779224,0.24059526113019647,0.10134846103466484,0.032660895165195866,0.09054011719202035,Not Reviewed,4
293,766,CAND_766,The space segment equipment shall be mounted in a temperature chamber or in a vacuum chamber if the ambient pressure is different from the atmospheric pressure.,Functional Requirement,0.8420859583911554,0.8420859583911554,0.09753535606697687,0.012343323225162491,0.029356025189463376,0.01867933712724177,Not Reviewed,4
294,768,CAND_768,The EMC test shall be performed in conformance with ECSS‐E‐ST‐20‐07 clause 5.,Functional Requirement,0.726474659318732,0.726474659318732,0.11342528224719965,0.027634487621428068,0.038807258528138676,0.0936583122845016,Not Reviewed,4
295,769,CAND_769,"For acceptance stage, the space segment equipment shall be subjected to the following tests, as per ECSS‐E‐ST‐20‐07: 1.",Functional Requirement,0.777958516610225,0.777958516610225,0.1498588279671504,0.013143036049669387,0.01850671097382527,0.04053290839913012,Not Reviewed,4
296,770,CAND_770,"bonding verification; power lines isolation; inrush current; conducted emission time domain (ripple and spikes) on power lines in the operating mode, which produces maximum emissions; conducted emission frequency domain on power lines in the operating mode, which produces maximum emissions.",Performance,0.36636467807679207,0.2576517036633881,0.3464600655151889,0.36636467807679207,0.008741681452620099,0.02078187129201086,Not Reviewed,4
297,771,CAND_771,For RF space segment equipment sniff or spray test shall be performed at one or several frequencies used by the space segment equipment under test or in mission critical receive bands.,Functional Requirement,0.5459991765975213,0.5459991765975213,0.38033423932603705,0.008036034408585482,0.01618314939812399,0.049447400269732315,Not Reviewed,4
298,774,CAND_774,The magnetic test shall be performed in conformance with ECSS‐E‐ST‐20‐07 clause 4.2.5 and 5.4.5.,Functional Requirement,0.726474659318732,0.726474659318732,0.11342528224719965,0.027634487621428068,0.038807258528138676,0.0936583122845016,Not Reviewed,4
299,776,CAND_776,The ESD test on space segment equipment shall be performed in conformance with ECSS‐E‐ST‐20‐07 clause 5.4.12.,Functional Requirement,0.7835167491568003,0.7835167491568003,0.1359423957012736,0.014758750959593243,0.02040399450845105,0.04537810967388173,Not Reviewed,4
300,778,CAND_778,The passive intermodulation test shall be performed in conformance with ECSS‐E‐ST‐20.,Functional Requirement,0.726474659318732,0.726474659318732,0.11342528224719965,0.027634487621428068,0.038807258528138676,0.0936583122845016,Not Reviewed,4
301,780,CAND_780,The multipaction test shall be performed in conformance with ECSS‐E‐20‐01.,Functional Requirement,0.726474659318732,0.726474659318732,0.11342528224719965,0.027634487621428068,0.038807258528138676,0.0936583122845016,Not Reviewed,4
302,782,CAND_782,Corona and arc discharge test shall be performed for space segment equipment exposed to the critical low pressure atmosphere according to relevant Paschen curves during its lifetime.,Functional Requirement,0.801835288639883,0.801835288639883,0.07834594055756591,0.011767862288240992,0.01726432953275018,0.09078657898155996,Not Reviewed,4
303,787,CAND_787,During the audible noise test the following measurements shall be performed: 1.,Functional Requirement,0.48236306060320444,0.48236306060320444,0.36887507452776663,0.024418146728083664,0.04100014618958087,0.08334357195136441,Not Reviewed,4
304,792,CAND_792,The space segment equipment shall be operated during airborne and structure borne noise measurements with the same modes as during the mission phases of the crewed space segment element.,Functional Requirement,0.5517171189416131,0.5517171189416131,0.3821723449826826,0.0139648348368898,0.02726975970735803,0.02487594153145651,Not Reviewed,4
305,793,CAND_793,The noise level and exposure time shall be given for each operational mode of the space segment equipment.,Functional Requirement,0.6141001499677523,0.6141001499677523,0.12421121963194848,0.22672717656515848,0.023399841102422485,0.011561612732718296,Not Reviewed,4
306,794,CAND_794,5.5.6.1.2 Equipment airborne sound pressure measurement a.,Functional Requirement,0.90259132711906,0.90259132711906,0.055325429193595,0.00894244952267078,0.014958026190733267,0.018182767973940972,Not Reviewed,4
307,795,CAND_795,The space segment equipment sound power measurements shall be performed in accordance with ISO 3740:2000.,Functional Requirement,0.7253899669529744,0.7253899669529744,0.1457339383324186,0.018486212146638835,0.05167631396421361,0.058713568603754464,Not Reviewed,4
308,796,CAND_796,The sound power level shall be converted into cabin pressure level.,Functional Requirement,0.5049192856796425,0.5049192856796425,0.025188196465149727,0.2076568992620392,0.23243564799218372,0.02979997060098481,Not Reviewed,4
309,798,CAND_798,The sound power levels shall be converted into cabin pressure levels.,Functional Requirement,0.6830593361485451,0.6830593361485451,0.04310381045370065,0.036940647499370004,0.1758400645102133,0.06105614138817107,Not Reviewed,4
310,799,CAND_799,The space segment equipment interface disturbance force levels shall be measured both directly and indirectly.,Operability,0.5266720888607606,0.4423960803575426,0.5266720888607606,0.00813449199946099,0.00779945565492479,0.01499788312731104,Not Reviewed,4
311,803,CAND_803,NOTE 2 A satellite can be performed as service module on one end and as payload module test on the other.,Functional Requirement,0.5673498581298463,0.5673498581298463,0.11633303780838358,0.03241738847828145,0.22022410113881397,0.0636756144446747,Not Reviewed,2
312,804,CAND_804,"The effects of item(s), which are interacting on the element level, but which are not present during tests, shall be included with the support of simulators.",Functional Requirement,0.5994898913650889,0.5994898913650889,0.07317295116201551,0.08721558703276108,0.028561632151727544,0.21155993828840697,Not Reviewed,4
313,806,CAND_806,The test baseline shall be tailored for each project.,Functional Requirement,0.6279739644466357,0.6279739644466357,0.25390119953391316,0.034700229260990624,0.04143562195311941,0.04198898480534111,Not Reviewed,4
314,807,CAND_807,The sequence of test shall be agreed by the customer depending on the nature of the space segment element and how performances are tested.,Functional Requirement,0.7844089453562486,0.7844089453562486,0.09830939376782813,0.04701745851652907,0.04488395529071259,0.025380247068681715,Not Reviewed,4
315,813,CAND_813,Visual inspections shall be performed before and after each test.,Functional Requirement,0.5820650613382521,0.5820650613382521,0.1977947937276469,0.03735459438508023,0.051838601004977766,0.130946949544043,Not Reviewed,4
316,815,CAND_815,When a full Qualification model is developed for a space segment elements qualification the test baseline shall consist of the tests specified in Table 6‐1.,Functional Requirement,0.7351465544588434,0.7351465544588434,0.20300464020330922,0.01567868799471216,0.015375487408092959,0.030794629935042332,Not Reviewed,4
317,819,CAND_819,Mandatory if not performed at structure subsystem level Mandatory for spinning space segment elements with an acceleration greater than 2g or more to any part of the space segment element Acoustic test may be replaced by random vibration.,Functional Requirement,0.5111040386079229,0.5111040386079229,0.28816057184508365,0.035546038458005996,0.11183498514846321,0.05335436594052424,Not Reviewed,1
318,823,CAND_823,Mandatory for pressurized space segment element may be 80 ECSS‐E‐ST‐10‐03C 1 June 2012 Applicability Conditions performed on a dedicated hardware Mandatory for pressurized space segment elements or on pressurized equipment integrated in space segment element for which the test is feasible Applicable to space segment elements that operate under a non‐ vacuum environment during their lifetime For space segment element performing atmospheric entry X R X R R R X X R Test Reference clause Ref.,Operability,0.7192640815025575,0.21601341542716335,0.7192640815025575,0.01642152435087596,0.009582083030446092,0.038718895688957054,Not Reviewed,4
319,826,CAND_826,"1 test As needed to record data 1 test on 3 axis or 1 longitudinal axis 2 minutes 1 test 5 Random vibration Maximum expected spectrum +3 dB on PSD values 2 minutes on each of 3 orthogonal axes If margins higher than 3 db are specified by the Launcher Authority, they apply.",Performance,0.4893254913485393,0.32372370226725405,0.057630977507264515,0.4893254913485393,0.06736651992602394,0.061953308950918176,Not Reviewed,4
320,827,CAND_827,"6 Sinusoidal vibration KQ x Limit Load Spectrum The qualification factor KQ is given in ECSS‐E‐ST‐32‐10 clause 4.3.1 sweep at 2 Oct/min, 5 Hz ‐ 100 Hz on each of 3 orthogonal axes 82 No Test Levels Duration ECSS‐E‐ST‐10‐03C 1 June 2012 Number of applications NOTES 7 Shock See Note 1 See Note 2 See Note 3 8 Micro vibration susceptibility Maximum predicted environment 9 Proof pressure jproof x MDP For the proof factor (jproof), apply ECSS‐E‐ ST‐32‐02 Tables 4‐1 to 4‐9.",Functional Requirement,0.47163799000974366,0.47163799000974366,0.10507203656401383,0.33932179621498554,0.023249210511620638,0.060718966699636404,Not Reviewed,4
321,829,CAND_829,"5 minutes minimum hold time 1 test 10 Pressure Cycling From zero to MDP differential pressure 1 test 50 cycles or 4 x the number of planned pressure cycles expected in one service life, whichever is greater.",Performance,0.6727933721478928,0.19221524504330584,0.043131903376217105,0.6727933721478928,0.014064246436683445,0.07779523299590074,Not Reviewed,4
322,831,CAND_831,This test is performed with no margins to consolidate the shock specification of the space segment equipment NOTE 2: Duration representative of the expected environment.,Operability,0.4681323611938641,0.4579528267737918,0.4681323611938641,0.02169403840857188,0.01598665553050817,0.03623411809326418,Not Reviewed,4
323,832,CAND_832,NOTE 3: A minimum of two firing is recommended.,Functional Requirement,0.4200278792671484,0.4200278792671484,0.2573127785293837,0.10531336806671983,0.18086381345193558,0.03648216068481236,Not Reviewed,4
324,836,CAND_836,"30 seconds as minimum Number of applications 1 test 12 Leak MDP 13 Thermal ambient (See Note 1 & 2) To ensure that all equipment maximum temperatures are: ‐ above TA Max, and ‐ as close as possible to TQ Max, and ‐ with no equipment temperature above TQ Max To ensure that all equipment minimum temperatures are: ‐ below TA Min, and ‐ as close as possible to TQ Min, and ‐ with no equipment temperature below TQ Min to be agreed depending on test method before and after environmental tests taking into account that one is already performed as part of proof test 4 cycles (See Note 2) 1 test or 4 cycles minus the number of cycles performed during the vacuum test ECSS‐E‐ST‐10‐03C 1 June 2012 NOTES NOTE 1: Ambient pressure depends on the type of mission (i.e.",Performance,0.5279055755430144,0.3014079913242024,0.03698682713163161,0.5279055755430144,0.08080129031345477,0.05289831568769674,Not Reviewed,4
325,839,CAND_839,"84 No Test Levels Duration ECSS‐E‐ST‐10‐03C 1 June 2012 Number of applications NOTES 14 Thermal vacuum 15 EMC To ensure that all equipment maximum temperatures are: ‐ above TA Max, and ‐ as close as possible to TQ Max, and ‐ with no equipment temperature above TQ Max To ensure that all equipment minimum temperatures are: ‐ below TA Min, and ‐ as close as possible to TQ Min, and ‐ with no equipment temperature below TQ Min Apply ECSS‐E‐ST‐20‐07 clause 5.3 and EMCCP.",Functional Requirement,0.5815482740490523,0.5815482740490523,0.023918236497903488,0.1316171625829155,0.2394257485534097,0.023490578316718917,Not Reviewed,4
326,844,CAND_844,"For space segment elements where full qualification has been obtained on another model(s), the Flight Model(s) acceptance test baseline shall consist of the tests specified in Table 6‐3.",Functional Requirement,0.7824570321758356,0.7824570321758356,0.14854976127262745,0.016806920363820654,0.014960757148050455,0.037225529039665826,Not Reviewed,4
327,851,CAND_851,Not needed if acoustic or random is performed Limited to deployment of appendage and to launcher interface if modified from PFM or QM 86 ECSS‐E‐ST‐10‐03C 1 June 2012 Applicability Conditions Mandatory for pressurized space segment elements or on pressurized equipment integrated in space segment element for which the test is feasible Mandatory for pressurized space segment elements or on pressurized equipment integrated in space segment element for which the test is feasible Applicable to space segment elements that operate under a non‐ vacuum environment during their lifetime Limited to Conducted emission and Grounding test as per E‐ST‐20‐07 clause 5.3.9 For space segment element performing atmospheric entry Test Reference clause Ref.,Operability,0.6090410883728403,0.3588558516512541,0.6090410883728403,0.008029412145703187,0.0071167637564225365,0.01695688407377998,Not Reviewed,4
328,854,CAND_854,"1 test 3 Transient N/A N/A N/A 4 Acoustic Maximum expected acoustic spectrum or as specified by Launcher authority 1 minute 1 test 5 Random vibration Maximum expected spectrum +0 dB on PSD values 1 minute On each of 3 orthogonal axes 6 Sinusoidal vibration KA x Limit Load Spectrum The acceptance factor KA is given in ECSS‐E‐ST‐32‐10 clause 4.3.1 Sweep at 4 Oct/min, 5 Hz – 100 Hz On each of 3 orthogonal axes 7 Shock See Note 1 See Note 2 1 activation 8 Micro vibration susceptibility N/A N/A N/A NOTE 1: Limited to a test where the shock generative device(s) is/are activated.",Functional Requirement,0.4048018655508918,0.4048018655508918,0.06017642223405426,0.40233018833987994,0.036055007501263704,0.09663651637391019,Not Reviewed,3
329,857,CAND_857,5 minutes minimum hold time 1 test The MDP to be used is the one of the weakest equipment composing the pressurized subsystem (i.e.,Performance,0.4105402284174636,0.3146610167519403,0.22113418313683147,0.4105402284174636,0.007129162406425178,0.046535409287339444,Not Reviewed,1
330,858,CAND_858,"the lowest one) 10 Pressure cycling N/A N/A N/A 11 Design burst pressure N/A N/A N/A 12 Leak MDP For space segment elements to be agreed depending on test method Before and after environmental tests taking into account that one is already performed as part of proof test 89 No Test 13 Thermal ambient (See Note 1 & 2) Levels Duration Number of applications To ensure that all equipment maximum temperatures are: ‐ above maximum predicted temperature, and ‐ as close as possible to TA Max, and ‐ with no equipment temperature above TA Max To ensure that all equipment minimum temperatures are: ‐ below minimum predicted temperature, and ‐ as close as possible to TA Min, and ‐ with no equipment temperature below TA Min 3 cycles (see Note 2) 1 test or 3 cycles minus the number of cycles performed during the vacuum test 14 Thermal vacuum To ensure that all equipment maximum temperatures are: 3 cycles +1 back up to be decided during test.",Functional Requirement,0.5256323103335888,0.5256323103335888,0.05806251601115919,0.1720285022673121,0.1947137808872353,0.0495628905007046,Not Reviewed,4
331,859,CAND_859,"1 test ‐ above maximum predicted temperature, and ‐ as close as possible to TA Max, and ‐ with no equipment temperature above TA Max To ensure that all equipment minimum temperatures are: ‐ below minimum predicted temperature, and ‐ as close as possible to TA Min, and ‐ with no equipment temperature below TA Min Apply ECSS‐E‐ST‐20‐07 clause 5.3 and EMCCP 15 EMC 16 Passive intermodulation Apply ECSS‐E‐ST‐20 clause 7.4 or 1 or more cycles if combined with ambient cycles (see Note 1 & 2) 1 test Apply the project EMCCP (produced in conformance with ECSS‐ E‐ST‐20 Annex A) Apply ECSS‐E‐ST‐20 clause 7.4 1 test ECSS‐E‐ST‐10‐03C 1 June 2012 NOTES NOTE 1: Ambient pressure depends on the type of mission (i.e.",Functional Requirement,0.7371874690907095,0.7371874690907095,0.07512191098875118,0.07404558976839985,0.09009102929914176,0.02355400085299763,Not Reviewed,4
332,865,CAND_865,The space segment elements Proto‐qualification test baseline shall consist of the tests specified in Table 6‐5.,Functional Requirement,0.8026760303401617,0.8026760303401617,0.12357031239450063,0.01668726723049615,0.018427651906730378,0.03863873812811123,Not Reviewed,4
333,867,CAND_867,"When part of the qualification is obtained on other model(s), then the PFM shall be tested in accordance with Table 5‐3 for the relevant type(s) of test.",Functional Requirement,0.7395566772729137,0.7395566772729137,0.18413576720188232,0.01372418924904249,0.02136437048230443,0.04121899579385706,Not Reviewed,4
334,871,CAND_871,Mandatory if not performed at structure subsystem level Mandatory for spinning space segment elements with an acceleration greater than 2 g or more to any part of the space segment element Acoustic test may be replaced by random vibration.,Functional Requirement,0.5111040386079229,0.5111040386079229,0.28816057184508365,0.035546038458005996,0.11183498514846321,0.05335436594052424,Not Reviewed,1
335,876,CAND_876,"to Level & Duration & Number of applications Applicability Conditions ECSS‐E‐ST‐10‐03C 1 June 2012 equipment integrated in space segment element for which the test is feasible Applicable to space segment elements that operate under a non‐ vacuum environment during their lifetime For space segment element performing atmospheric entry R X R R R X X R Thermal Thermal vacuum Thermal ambient 6.5.4.1 & 6.5.4.2 6.5.4.1 & 6.5.4.3 Table 6‐6 No 13 Table 6‐6 No 14 Thermal balance 6.5.4.4 Electrical / RF EMC Electromagnetic auto‐ compatibility PIM Magnetic 6.5.5.2 Table 6‐6 No 15 6.5.5.3 6.5.5.4 6.5.5.5 Table 6‐6 No 16 Mission Specific Aero‐thermodynamics 6.5.6.1 Micro‐vibration emission HFE Toxic off gassing Audible noise R Mandatory 6.5.7.1 6.5.7.2 6.5.7.3 6.5.7.4 Crewed Mission Specific R R R R X To be decided on the basis of design features, required lifetime, sensitivity to environmental exposure, and expected usage.",Functional Requirement,0.49246050744130726,0.49246050744130726,0.44816775806106685,0.03760979283320997,0.006676497712608041,0.015085443951807803,Not Reviewed,4
336,879,CAND_879,"8 Micro vibration susceptibility Maximum predicted environment 9 Proof pressure jproof x MDP For the proof factor (jproof), apply ECSS‐E‐ ST‐32‐02 Tables 4‐1 to 4‐9.",Functional Requirement,0.44708423064681896,0.44708423064681896,0.40321816282833434,0.0778035340070902,0.029746429631597425,0.0421476428861591,Not Reviewed,4
337,881,CAND_881,"5 minutes minimum hold time 1 test 10 Pressure cycling See Note See Note See Note Test level, duration and number of application to be defined based on type of mission 11 Design burst pressure jburst x MDP 30 seconds as minimum 1 test For the burst factor (jburst), apply ECSS‐E‐ ST‐32‐02 Tables 4‐1 to 4‐9.",Performance,0.754174283661529,0.09626083140729626,0.09488216199828219,0.754174283661529,0.010447506270918705,0.044235216661973845,Not Reviewed,4
338,882,CAND_882,"95 No Test Levels Duration 12 Leak MDP To be agreed depending on test method Number of applications Before and after environmental tests taking into account that one is already performed as part of proof test 13 Thermal ambient (See Note 1 & 2) To ensure that all equipment maximum temperatures are: ‐ above maximum predicted temperature, and ‐ as close as possible to TQ Max, and ‐ with no equipment temperature above TQ Max To ensure that all equipment minimum temperatures are: ‐ below minimum predicted temperature, and ‐ as close as possible to TQ Min, and ‐ with no equipment temperature below TQ Min 3 cycles (see Note 2) 1 test or 3 cycles minus the number of cycles performed during the vacuum test ECSS‐E‐ST‐10‐03C 1 June 2012 NOTES NOTE 1: Ambient pressure depends on the type of mission (i.e.",Functional Requirement,0.5772759801488972,0.5772759801488972,0.05053684712465682,0.18142774575558493,0.13054591907709154,0.06021350789376945,Not Reviewed,4
339,885,CAND_885,96 No Test 14 Thermal vacuum Levels Duration Number of applications To ensure that all equipment maximum temperatures are: 3 cycles +1 back up to be decided during test.,Functional Requirement,0.6334643065364922,0.6334643065364922,0.06081268921983633,0.12840004263336321,0.14331165937981233,0.03401130223049588,Not Reviewed,4
340,886,CAND_886,"1 test ‐ above maximum predicted temperature, and ‐ as close as possible to TQ Max, and ‐ with no equipment temperature above TQ Max To ensure that all equipment minimum temperatures are: ‐ below minimum predicted temperature, and ‐ as close as possible to TQ Min, and ‐ with no equipment temperature below TQ Min The temperature excursion stops when the first unit reaches TQ Max or TQ Min Apply ECSS‐E‐ST‐20‐07 clause 5.3 and EMCCP 15 EMC 16 Passive intermodulation Apply ECSS‐E‐ST‐20 clause 7.4 or 1 or more cycles if combined with ambient cycles (see Note 1 & 2) 1 test Apply the project EMCCP (produced in conformance with ECSS‐E‐ST‐20 Annex A).",Functional Requirement,0.6938671166634155,0.6938671166634155,0.07944853291368237,0.055882605519192816,0.1491042915582598,0.02169745334544961,Not Reviewed,3
341,890,CAND_890,"The measurements, conducted either in a suitable optical alignment facility or in normal clean room with adequate measurement system, shall be performed throughout space segment element test campaign; and as a minimum, at the start and at the end of the environmental test campaign.",Functional Requirement,0.46563868390567464,0.46563868390567464,0.2716126245356859,0.02590511779970065,0.183056524554218,0.05378704920472077,Not Reviewed,1
342,891,CAND_891,NOTE Alignment verification is repeated to track any degradation or to ensure that variation of space segment equipment alignment in relationship with the reference axes remain within the specified limits.,Functional Requirement,0.7968509509680359,0.7968509509680359,0.02767101946368523,0.03659583150492127,0.12471990495018363,0.014162293113173912,Not Reviewed,4
343,893,CAND_893,"The FFT shall be performed in order to verify that the space segment element functions in conformance with the specification requirements in all operational modes, including back‐up modes, and transients.",Functional Requirement,0.6487303446757495,0.6487303446757495,0.26154258711442535,0.012225140527993172,0.026411563888044776,0.05109036379378714,Not Reviewed,4
344,894,CAND_894,The RFT content shall be agreed with the customer.,Functional Requirement,0.8464376774696852,0.8464376774696852,0.0018705918667974541,0.04307015876198504,0.07628894428570997,0.03233262761582224,Not Reviewed,4
345,895,CAND_895,"Functional tests shall be performed, under ambient conditions, at the beginning and at the end of the test programme providing the criteria for judging the integrity of the space segment element thought the overall test programme.",Functional Requirement,0.48838093380143877,0.48838093380143877,0.230901333376566,0.04215697069853795,0.18619388777814233,0.05236687434531504,Not Reviewed,1
346,897,CAND_897,"Additional tests (PT, FFT or RFT as relevant) shall be performed during the thermal test.",Functional Requirement,0.5316296043437602,0.5316296043437602,0.20257743038622125,0.027402327865980715,0.025900630941115832,0.21249000646292213,Not Reviewed,4
347,899,CAND_899,Additional functional tests to be performed before and after each environmental exposure and transport(s) shall be agreed with the customer.,Functional Requirement,0.7630312914366482,0.7630312914366482,0.0394257154428788,0.029896259698761703,0.05555714520534475,0.11208958821636664,Not Reviewed,4
348,903,CAND_903,"If an on‐board or an EGSE software update is needed during the test campaign, the step at which the software is loaded, as well as the level of retesting, shall be agreed with the customer.",Functional Requirement,0.5610584423655866,0.5610584423655866,0.10218554855810189,0.03362109484203326,0.29711293181845855,0.0060219824158197505,Not Reviewed,3
349,905,CAND_905,The mechanical functions of the space segment element shall be tested under the specified operating conditions as a major input to verify that they conform to the specified performance.,Functional Requirement,0.5058497927691612,0.5058497927691612,0.3147673276489028,0.10252584218083347,0.03565107590025982,0.04120596150084274,Not Reviewed,2
350,908,CAND_908,"For all mechanical operations that can be disturbed by Earth’s gravity field, suitable ground support fixtures shall be employed to enable operation and evaluation of the devices.",Functional Requirement,0.8147222807331378,0.8147222807331378,0.10352338858612105,0.05601753298545138,0.013805379671129912,0.011931418024159927,Not Reviewed,3
351,909,CAND_909,"If, for test limitation reason, the function cannot be tested at space segment element level, alternative verification method, that can include test at a lower level, shall be proposed for customer approval.",Functional Requirement,0.80997787006117,0.80997787006117,0.08269500271944903,0.03289452867168025,0.05582126778521403,0.018611330762486736,Not Reviewed,4
352,910,CAND_910,Mechanical functional verification shall be performed prior and subsequent to environmental test campaign.,Functional Requirement,0.5484659456889796,0.5484659456889796,0.27044255583640026,0.024581561954152842,0.05718571497498466,0.09932422154548269,Not Reviewed,4
353,912,CAND_912,Electrical functional tests shall verify that the electrical functions of the space segment element can be performed under the specified operating conditions with the specified performance.,Functional Requirement,0.48422689200254193,0.48422689200254193,0.3220030571947917,0.1264310517232991,0.02256730639020348,0.044771692689163665,Not Reviewed,4
354,913,CAND_913,The following protection functions shall be tested: 1.,Functional Requirement,0.6953928303593223,0.6953928303593223,0.1554930656840298,0.026558627357086632,0.09623956151456314,0.026315915084998098,Not Reviewed,4
355,915,CAND_915,"During the electrical functional tests, all components shall be operated, including redundant space segment equipment and paths, taking into account the type of redundancy (e.g.",Functional Requirement,0.7880069279638823,0.7880069279638823,0.13807385073485653,0.020652886007726197,0.023086673903154404,0.030179661390380492,Not Reviewed,3
356,917,CAND_917,NOTE Pyrotechnic devices are replaced by simulators that can be energized and monitored.,Functional Requirement,0.790251441725905,0.790251441725905,0.06291793054344072,0.023386618950587322,0.0695325360506736,0.053911472729393416,Not Reviewed,3
357,918,CAND_918,"For cross‐strapped configurations, requirements for testing shall be agreed with the customer.",Functional Requirement,0.853327305639352,0.853327305639352,0.040358369124860974,0.02876595135250415,0.04512221191519035,0.032426161968092546,Not Reviewed,4
358,920,CAND_920,All TM/TC shall be tested with the actual data base used for operations.,Operability,0.48991869361634527,0.24808175365632948,0.48991869361634527,0.012940792708466334,0.22549788899306397,0.02356087102579486,Not Reviewed,4
359,921,CAND_921,"It shall be verified that autonomous functions are performed when the defined conditions, for which they are designed, are present.",Functional Requirement,0.605240634427965,0.605240634427965,0.1790403276305858,0.05495535568321702,0.07913418716070103,0.08162949509753108,Not Reviewed,4
360,922,CAND_922,Any triggering of an autonomous action not in line with the conditions for which they are designed shall be tracked as an anomaly.,Functional Requirement,0.6085590299830845,0.6085590299830845,0.16324629228186138,0.05480746902602031,0.04432736075034891,0.1290598479586849,Not Reviewed,4
361,923,CAND_923,Autonomous lockout or shutdown sequences shall be verified to ensure that they do not adversely affect other system operations during or subsequent to the intended lockout or shutdown.,Security,0.7564412520389935,0.16799065743659272,0.027372559915348316,0.03388338698785531,0.7564412520389935,0.014312143621210227,Not Reviewed,1
362,924,CAND_924,"For non‐regulated bus, one subset of functional tests, which is subject to agreement between customer and supplier, shall be run at both the minimum and maximum bus voltage level.",Operability,0.3470438833169537,0.29952683601132524,0.3470438833169537,0.18320129746667196,0.13472358732890902,0.035504395876139974,Not Reviewed,4
363,925,CAND_925,The electrical functional verification shall ensure that no function other than the intended function is activated and no spurious signals or effects are present.,Security,0.5559994644098343,0.32044770955533053,0.05636631711294512,0.02075426405748932,0.5559994644098343,0.04643224486440076,Not Reviewed,4
364,928,CAND_928,The space segment element communication links shall be tested in a representative operational way.,Operability,0.4504821883013822,0.310175756060285,0.4504821883013822,0.020052534345477636,0.06007123635167496,0.1592182849411802,Not Reviewed,4
365,934,CAND_934,Performance tests shall verify that the space segment element provide the specified performances for the required function.,Functional Requirement,0.6461612349301771,0.6461612349301771,0.05573922757154078,0.19759012819145144,0.021198369988980614,0.07931103931785007,Not Reviewed,4
366,936,CAND_936,At satellite level performances are mostly checked at payload or subsystem level.,Functional Requirement,0.678007202060813,0.678007202060813,0.020171827962108264,0.12096709687956952,0.15791626550919766,0.0229376075883115,Not Reviewed,1
367,937,CAND_937,"For cross‐strapped configuration, requirements for performance tests shall be agreed with the customer.",Functional Requirement,0.589188010517727,0.589188010517727,0.02338374796138479,0.3069472150486114,0.019759753875639947,0.060721272596636865,Not Reviewed,4
368,938,CAND_938,Performance tests shall be performed under the necessary environmental conditions that allow performances to be achieved.,Functional Requirement,0.48673103736745515,0.48673103736745515,0.03733369000247104,0.32238537369412334,0.00950122155684725,0.1440486773791032,Not Reviewed,4
369,939,CAND_939,Performance tests shall be performed after the end of the environmental test programme.,Performance,0.35804427504649283,0.318495285867505,0.07123237609668003,0.35804427504649283,0.10422927568639304,0.1479987873029291,Not Reviewed,4
370,941,CAND_941,"Mission tests shall include simulation of mission cases in nominal situations on the space segment element for the critical and main 100 ECSS‐E‐ST‐10‐03C 1 June 2012 operations of the entire mission profile, within the constraints of what can be simulated on ground, with the events occurring in the actual flight sequence.",Functional Requirement,0.8802620674638953,0.8802620674638953,0.014915998949636916,0.01891436754271332,0.03033866654296937,0.05556889950078501,Not Reviewed,1
371,943,CAND_943,"Mission tests shall include simulation of mission cases in contingency situations on the space segment element for the critical and main contingency operations of the entire mission profile, within the constraints of what can be simulated on ground.",Functional Requirement,0.8642856753319459,0.8642856753319459,0.03580538585722764,0.014712719582310022,0.04539825478962732,0.03979796443888922,Not Reviewed,1
372,945,CAND_945,"To reduce the risk of error accumulation during mission test, the space segment element shall be kept uninterrupted ON according to the test profile, to be agreed with the customer, in terms of modes, modes transition and modes duration.",Functional Requirement,0.854065245974909,0.854065245974909,0.039102463019098255,0.0298485139154388,0.04264875709378811,0.03433501999676593,Not Reviewed,4
373,947,CAND_947,The mission tests on the space segment element shall be run with the final flight software configured as for flight.,Operability,0.5297555456776968,0.2567016499573311,0.5297555456776968,0.013626773344407064,0.17828620055207708,0.021629830468488064,Not Reviewed,4
374,949,CAND_949,The polarity test shall cover all functional chains and equipment sensitive to polarity errors.,Functional Requirement,0.7941248697494734,0.7941248697494734,0.060963298772438425,0.015789282416608565,0.08874727150079424,0.040375277560685444,Not Reviewed,4
375,952,CAND_952,"Polarity tests shall be performed, with the validated final software installed, in all specific modes, on all chains from sensor to actuator, with the spacecraft in its final flight configuration.",Functional Requirement,0.491225154415019,0.491225154415019,0.18226548979030294,0.019193504207512695,0.23276373266671474,0.07455211892045065,Not Reviewed,3
376,953,CAND_953,During the polarity test the AOCS shall be operated in the mode where the chain is used in the control loop.,Operability,0.6232587576531886,0.2873285455298241,0.6232587576531886,0.011256355098087137,0.02317027189008354,0.05498606982881673,Not Reviewed,4
377,954,CAND_954,The polarity test shall be one of the last tests before shipment to the launch site.,Functional Requirement,0.6909197029048924,0.6909197029048924,0.14033848240066762,0.018872218802999625,0.03203957550739285,0.11783002038404755,Not Reviewed,4
378,956,CAND_956,"The interface between the space segment element and the launcher shall be tested, using elements or subset of elements representative of the interfaces to be tested, under realistic conditions, to verify the related system requirements.",Operability,0.7015481675032185,0.1926536439116108,0.7015481675032185,0.013630385026705941,0.03220344691553803,0.05996435664292682,Not Reviewed,1
379,959,CAND_959,The interface between the space segment element and the launch facility shall be verified before actual spacecraft operation.,Operability,0.5105587708213405,0.4490477206375247,0.5105587708213405,0.01028324880843275,0.009962622541948407,0.020147637190753603,Not Reviewed,4
380,960,CAND_960,The test to be executed and approach shall be covered in the contractual documentation between space segment element authority and launch segment authority (e.g.,Functional Requirement,0.5812414567483242,0.5812414567483242,0.2641624806418389,0.026282503108399385,0.07028879972592499,0.05802475977551268,Not Reviewed,4
381,963,CAND_963,The physical properties measurement shall include: 1.,Functional Requirement,0.8942966382128699,0.8942966382128699,0.049099952722157614,0.010401764883538344,0.02342970947602203,0.022771934705412104,Not Reviewed,4
382,967,CAND_967,"Physical properties shall be measured for the launch and orbit insertion configurations, and atmospheric entry when relevant.",Functional Requirement,0.6827842359287886,0.6827842359287886,0.18091194724271778,0.01800038135724643,0.018166933497861602,0.10013650197338578,Not Reviewed,4
383,969,CAND_969,The tolerances shall be the minimum values specified in either Table 4‐1 or in the launcher user’s manual.,Functional Requirement,0.8194910271468547,0.8194910271468547,0.028553546920246652,0.029124436749307193,0.045419322062210624,0.0774116671213807,Not Reviewed,4
384,972,CAND_972,from equipment Spin balance tests shall be used for spin stabilized systems.,Operability,0.5870148803959394,0.2732330072081469,0.5870148803959394,0.0054746546513808345,0.012647418592639847,0.12163003915189312,Not Reviewed,1
385,973,CAND_973,"If spin balance tests are performed with an empty tank, a correlation with the analytical model (tank full) shall be performed.",Functional Requirement,0.6366745044430095,0.6366745044430095,0.051014120515985785,0.03789262101938202,0.0458174275442483,0.22860132647737447,Not Reviewed,4
386,976,CAND_976,The modal survey shall be conducted on a structural representative model in conformance with ECSS‐E‐ST‐32‐11.,Functional Requirement,0.581283752615077,0.581283752615077,0.036769711565867856,0.028582281447206093,0.034769547399509236,0.3185947069723398,Not Reviewed,4
387,978,CAND_978,"Boundary conditions, in the static load test, shall be demonstrated to be representative of flight boundary constraints or alternatively test forces on boundary constraints shall be measured.",Functional Requirement,0.34276472209467757,0.34276472209467757,0.2687221846090936,0.26696565380444537,0.09598148140930574,0.02556595808247778,Not Reviewed,4
388,979,CAND_979,"When a dummy structure is used in the static load test, it shall be demonstrated that it is representative in terms of stiffness and as far as the constraints of the replaced flight component are concerned.",Operability,0.5281553140333948,0.23455838684354,0.5281553140333948,0.14704490301593193,0.04629417176205936,0.04394722434507394,Not Reviewed,3
389,981,CAND_981,Spin tests shall be conducted in spin operation configuration.,Functional Requirement,0.8409709845052022,0.8409709845052022,0.027625625306598754,0.023231901449307604,0.034156056494916404,0.07401543224397503,Not Reviewed,4
390,983,CAND_983,Propellant tanks shall be at least mass and stiffness representative during spin testing.,Functional Requirement,0.810105261641225,0.810105261641225,0.04017309771936448,0.04126114220689657,0.05959873637439941,0.04886176205811441,Not Reviewed,4
391,986,CAND_986,Transient tests shall be conducted in launch configuration for all axes.,Functional Requirement,0.6827972970176526,0.6827972970176526,0.11999520348294976,0.03190406585804818,0.03882048691150827,0.1264829467298412,Not Reviewed,4
392,988,CAND_988,Propellant storage tanks shall be at least mass and stiffness representative during transient testing.,Functional Requirement,0.6834432830348437,0.6834432830348437,0.18822564719598892,0.03430665554113497,0.04691064796674445,0.047113766261288,Not Reviewed,4
393,990,CAND_990,The internal pressure decay shall be verified for pressurized space segment equipment being part of the space segment element under test.,Functional Requirement,0.7478020329308996,0.7478020329308996,0.19817961420302113,0.0154377692267222,0.017327295326422285,0.021253288312934743,Not Reviewed,4
394,991,CAND_991,Space segment element equipped with apogee or retro motors shall be tested for the vibration environment generated by the motor if 1.,Operability,0.6358291136629948,0.265129211174172,0.6358291136629948,0.037036152218026176,0.03463454512177207,0.027370977823035002,Not Reviewed,4
395,993,CAND_993,A resonance search shall be performed before and after the transient vibration tests to determine resonance frequencies to evaluate the product integrity.,Functional Requirement,0.544871743602072,0.544871743602072,0.039883622118538464,0.053065648785811284,0.13848475678088154,0.22369422871269667,Not Reviewed,4
396,997,CAND_997,The transient excitation signals shall be derived from the space segment element and launcher loads coupled dynamic analysis (LCDA).,Functional Requirement,0.5205275048433716,0.5205275048433716,0.0859710986997104,0.29267863155500684,0.05141777321852607,0.04940499168338511,Not Reviewed,4
397,1002,CAND_1002,tests shall be conducted with the element in launch The test fixture shall be decoupled from the chamber.,Functional Requirement,0.5614207203823682,0.5614207203823682,0.25326403438983375,0.033295114456452876,0.03390145757038622,0.11811867320095897,Not Reviewed,4
398,1003,CAND_1003,Propellant tanks shall be at least mass and stiffness representative during acoustic testing.,Functional Requirement,0.810105261641225,0.810105261641225,0.04017309771936448,0.04126114220689657,0.05959873637439941,0.04886176205811441,Not Reviewed,4
399,1006,CAND_1006,"Space segment equipment, within the space segment element, which operate during launch, shall be operated and monitored during the test.",Operability,0.6215618035622062,0.33402409463634747,0.6215618035622062,0.009222904541857946,0.01432128730863975,0.0208699099509486,Not Reviewed,4
400,1007,CAND_1007,"In case the launch configuration introduces specific acoustic loads, the test set up shall be representative of the launch configuration.",Functional Requirement,0.7786280261510157,0.7786280261510157,0.09333098922310427,0.06943318221446623,0.016943416872565984,0.041664385538847847,Not Reviewed,4
401,1009,CAND_1009,In order to evaluate the product integrity a low level acoustic run shall be performed before and after the acoustic run for determining resonant frequencies.,Functional Requirement,0.42998255502743515,0.42998255502743515,0.31514050290846574,0.03731697262728333,0.15945184702082477,0.05810812241599086,Not Reviewed,4
402,1015,CAND_1015,"Random excitations shall cover the three mutually orthogonal directions, one being parallel to the thrust axis.",Functional Requirement,0.6786515944057134,0.6786515944057134,0.04794443347860271,0.09829719839803948,0.13287412100542578,0.04223265271221858,Not Reviewed,4
403,1016,CAND_1016,Propellant tanks shall be at least mass and stiffness representative during random testing.,Functional Requirement,0.7020964541558677,0.7020964541558677,0.045541802486026725,0.037113582304298044,0.1669265456538723,0.048321615399935146,Not Reviewed,4
404,1021,CAND_1021,"Notching criteria and implementation shall be approved by the customer and, if relevant, by the launcher authority.",Functional Requirement,0.7422267943249338,0.7422267943249338,0.05180354908823172,0.03968985853697723,0.08589968955283869,0.08038010849701843,Not Reviewed,4
405,1023,CAND_1023,"Space segment equipment, being part of the space segment element, that operates during launch shall be operated and monitored during the test.",Functional Requirement,0.5247067599530226,0.5247067599530226,0.41345436535975033,0.012700885466261547,0.022088423771987754,0.02704956544897774,Not Reviewed,4
406,1024,CAND_1024,In order to evaluate the space segment element integrity a resonance search shall be performed before and after the random vibration test by determining resonant frequencies.,Functional Requirement,0.633874146990156,0.633874146990156,0.07337103107576148,0.027116998824182403,0.22127045116659186,0.04436737194330834,Not Reviewed,4
407,1027,CAND_1027,"For space segment element which is designed to be re‐flown, the qualification test duration per axis shall be in conformance with Table 6‐2 plus 50 seconds per additional flight.",Performance,0.63144053813597,0.2030776434973121,0.09168059706225032,0.63144053813597,0.009222216254441012,0.06457900505002667,Not Reviewed,4
408,1029,CAND_1029,"Sinusoidal vibration tests shall be conducted in launch configuration for the three mutually orthogonal directions, one being parallel to the thrust axis.",Functional Requirement,0.7197893567410727,0.7197893567410727,0.08945962622685408,0.06843583453739174,0.03732379927593443,0.08499138321874715,Not Reviewed,4
409,1030,CAND_1030,Propellant storage tanks shall be at least mass and stiffness representative during sinusoidal vibration test.,Functional Requirement,0.48024127371351455,0.48024127371351455,0.4179923108814011,0.028370554209441963,0.032701252652630616,0.04069460854301181,Not Reviewed,4
410,1037,CAND_1037,Automatic protection measures shall be implemented during the test to prohibit excessive resonance build‐up leading to hardware damage.,Operability,0.4090360438383371,0.30323656353465644,0.4090360438383371,0.03149596883904682,0.24209907477289855,0.014132349015061163,Not Reviewed,4
411,1039,CAND_1039,A resonance search shall be performed before and after the sinusoidal vibration tests to determine resonance frequencies to evaluate the product integrity and to compare the resonance frequency distribution with that of the mathematical model or modal survey.,Functional Requirement,0.5003560344051695,0.5003560344051695,0.1401253324368449,0.031935784423383864,0.07086113973059634,0.2567217090040054,Not Reviewed,4
412,1046,CAND_1046,"During shock tests the space segment element shall be in an operating mode representative of launch, ascent phases or configuration relevant during the shock actuation.",Operability,0.5326672646769275,0.34897475514896026,0.5326672646769275,0.01596654964020954,0.016702069533115527,0.0856893610007872,Not Reviewed,4
413,1047,CAND_1047,The shock test shall yield the necessary data to pronounce the qualification of the space segment element.,Security,0.3488569376642648,0.29712021983975156,0.27143615335290605,0.032126112648915,0.3488569376642648,0.0504605764941626,Not Reviewed,4
414,1050,CAND_1050,106 Separation shock tests shall be conducted by actuating the release devices and then verifying the separation.,Functional Requirement,0.6814166467416782,0.6814166467416782,0.0471781812806815,0.04732824701625715,0.046588537777378765,0.17748838718400445,Not Reviewed,3
415,1051,CAND_1051,ECSS‐E‐ST‐10‐03C 1 June 2012 Shocks induced by release or latching of appendages shall be tested by for correct actuating functionality.,Functional Requirement,0.7424009182768532,0.7424009182768532,0.026893903976445355,0.07874206589394235,0.04477468882594439,0.10718842302681478,Not Reviewed,4
416,1052,CAND_1052,the relevant devices and then verifying Shock sources that induce a shock response spectrum at any space segment equipment location that is within 6 dB of the envelope of the shock response spectra from all shock sources shall be considered as significant shock source.,Functional Requirement,0.7030418200328434,0.7030418200328434,0.09915422749425809,0.16379146854919457,0.011079749277932515,0.022932734645771505,Not Reviewed,3
417,1053,CAND_1053,"Significant shock‐producing devices or events, including those from sources not installed on the space segment element under test, shall be activated, simulated or demonstrated on representative hardware, and shock levels measured.",Operability,0.5033850659773008,0.39400041772454564,0.5033850659773008,0.014818627292046188,0.04497870448692446,0.04281718451918294,Not Reviewed,3
418,1055,CAND_1055,shock Activation of both primary and redundant devices inducing shock shall be carried out in the same sequence as they are intended to be operated.,Functional Requirement,0.5215256034077334,0.5215256034077334,0.4242480990056333,0.01780380238159161,0.017685718593866563,0.01873677661117513,Not Reviewed,2
419,1056,CAND_1056,"Space segment equipment operating during the shock phases shall be operated during the test, and the main functional parameters monitored.",Functional Requirement,0.504936038767734,0.504936038767734,0.45800676499540594,0.007575048369180765,0.01783762281469274,0.01164452505298658,Not Reviewed,4
420,1057,CAND_1057,"Space segment equipment not operating during the shock that can be damaged by shock, shall be monitored for input confirmation.",Functional Requirement,0.6274195412506959,0.6274195412506959,0.32011819739514097,0.017584439396846518,0.01946690806593942,0.015410913891377248,Not Reviewed,4
421,1059,CAND_1059,"During performance test on a space segment element, that is sensitive to micro vibration, the effect of potential sources shall be tested by comparing a test with and without perturbation.",Functional Requirement,0.4593703011574865,0.4593703011574865,0.2255770020021118,0.20101098837946424,0.07085546565706868,0.0431862428038686,Not Reviewed,4
422,1061,CAND_1061,The proof pressure test shall be performed before the environment tests.,Operability,0.5515084455710785,0.3401376682683988,0.5515084455710785,0.01720178333907876,0.022461180221066128,0.06869092260037798,Not Reviewed,4
423,1062,CAND_1062,Proof pressure tests shall be performed as follows: 1.,Functional Requirement,0.6411462736007498,0.6411462736007498,0.05241004343428438,0.03976312191144693,0.049988355050681256,0.21669220600283773,Not Reviewed,4
424,1063,CAND_1063,pressurize the respective space segment equipment to proof pressure for at least 5 minutes; verify that the proof pressure level is reached; reduce the pressure to the maximum design pressure; perform a leak test; perform a visual inspection.,Functional Requirement,0.526261304027029,0.526261304027029,0.03967660111504598,0.28830320413932947,0.07028584227867539,0.07547304843992023,Not Reviewed,4
425,1065,CAND_1065,"Requirements of ECSS‐E‐ST‐32‐02 clauses 5.4.1 and 5.4.2 for qualification and protoflight, and clauses 5.5.1 and 5.5.2 for acceptance shall be applied for proof pressure tests.",Functional Requirement,0.726226856215558,0.726226856215558,0.1307714697780278,0.02958211793804147,0.03254694409100822,0.08087261197736444,Not Reviewed,4
426,1067,CAND_1067,Requirements of ECSS‐E‐ST‐32‐02 clauses 5.4.1 and 5.4.5 shall be applied for pressure cycling tests.,Functional Requirement,0.6935613819369207,0.6935613819369207,0.15365835845571968,0.0308050347688207,0.03234226660930346,0.08963295822923552,Not Reviewed,4
427,1069,CAND_1069,"The design burst pressure tests shall be conducted by exposing the space segment element in the launch and re‐entry configuration, respectively, to the pressure profile simulating the analytically determined launch and re‐entry phases.",Functional Requirement,0.7360579390926294,0.7360579390926294,0.16921205508959722,0.015032070531104346,0.014624431230011004,0.06507350405665815,Not Reviewed,4
428,1070,CAND_1070,NOTE The model used can be a qualification or a structural model provided all pressure sensitive components are representative of the flight hardware.,Operability,0.4852249564482672,0.3703783110199913,0.4852249564482672,0.03839994808267185,0.06310820178912434,0.04288858265994535,Not Reviewed,3
429,1071,CAND_1071,The pumping capability of the test facility shall maintain the pressure within the specified limits at all times.,Functional Requirement,0.8756121282283708,0.8756121282283708,0.07752635281274531,0.0148628022843531,0.01417171573055034,0.017827000943980553,Not Reviewed,4
430,1072,CAND_1072,Requirements of ECSS‐E‐ST‐32‐02 clauses 5.4.1 and 5.4.6 shall be applied for design burst pressure tests.,Functional Requirement,0.6314813961231391,0.6314813961231391,0.22937251993630725,0.028233360863049534,0.031585239497091716,0.07932748358041232,Not Reviewed,4
431,1074,CAND_1074,"All lines, joints and fittings shall be checked for leaks, on the fully assembled configuration of the space segment element.",Functional Requirement,0.5492056102210093,0.5492056102210093,0.34066143607340627,0.0422427007345204,0.03717248491220381,0.030717768058860263,Not Reviewed,4
432,1075,CAND_1075,"When the fully assembled configuration precludes accessibility to perform requirement 6.5.3.4a, leak tests shall be conducted on a configuration to be agreed with the customer.",Functional Requirement,0.8172103639382305,0.8172103639382305,0.040700876697138885,0.029946713586043266,0.048347178116079,0.06379486766250839,Not Reviewed,4
433,1076,CAND_1076,The method for checking leaks shall be selected according to the requirements to be met.,Functional Requirement,0.8787233998071917,0.8787233998071917,0.03315401071156214,0.013090006605043558,0.04425796627195492,0.030774616604247775,Not Reviewed,4
434,1078,CAND_1078,Both thermal vacuum and thermal ambient tests shall be performed for space segment elements that operate under a non‐vacuum environment after having been exposed to vacuum.,Operability,0.7291245674768878,0.19591979344572835,0.7291245674768878,0.011679926188220844,0.017485651243638323,0.04579006164552467,Not Reviewed,4
435,1079,CAND_1079,"Test profile, test configuration, number of cycles, extreme temperatures, temperature rate of change, stability criteria, cycles and plateau duration, functional and performance tests to be performed and success criteria shall be defined in the test specification.",Functional Requirement,0.6202579798081865,0.6202579798081865,0.07434287801568866,0.227489778697697,0.017453533830701817,0.06045582964772589,Not Reviewed,4
436,1083,CAND_1083,A reduced functional test shall be performed prior the closing of the chamber to validate the test configuration.,Functional Requirement,0.6663778928064863,0.6663778928064863,0.2176196776813939,0.01963953393034467,0.03371791152165745,0.06264498406011756,Not Reviewed,4
437,1084,CAND_1084,The sequence of functional tests shall be defined in the test specification such that all space segment equipment are tested.,Functional Requirement,0.7297855851061793,0.7297855851061793,0.16611881946936463,0.01504564765052265,0.04193533757332135,0.04711461020061215,Not Reviewed,4
438,1086,CAND_1086,"The equipment power ON/OFF status, throughout the test (including transitions), shall be defined in the test specification.",Functional Requirement,0.8179952253646994,0.8179952253646994,0.11361448664890225,0.013167352984803732,0.028039141387347942,0.0271837936142467,Not Reviewed,4
439,1087,CAND_1087,Functional tests shall be performed as a minimum at hot and cold plateaux.,Functional Requirement,0.4061400403481941,0.4061400403481941,0.15364351306725868,0.10424221771842315,0.17715514142456124,0.15881908744156287,Not Reviewed,4
440,1088,CAND_1088,"NOTE Mechanical functional test can be part of the functional test, pending on configuration or test set‐up constraint Equipment switch on capabilities shall be demonstrated.",Functional Requirement,0.8055057954977396,0.8055057954977396,0.08018789273262805,0.02409676123746474,0.06465616519094167,0.025553385341225903,Not Reviewed,4
441,1089,CAND_1089,"In case of redundancy, thermal tests shall be performed on both chains taking into account the type of redundancy (e.g.",Functional Requirement,0.8390926579355424,0.8390926579355424,0.020784387126591995,0.019154858836178495,0.021409683786419838,0.09955841231526721,Not Reviewed,4
442,1092,CAND_1092,Monitoring for corona shall be conducted during chamber pressure reduction for space segment equipment that are critical with regards to corona effect.,Functional Requirement,0.8257873762391215,0.8257873762391215,0.08518885103492299,0.015573676342640161,0.028947421970269466,0.04450267441304591,Not Reviewed,4
443,1094,CAND_1094,The temperatures of all the space segment equipment shall be monitored to ensure that the space segment equipment are not damaged during test.,Functional Requirement,0.733818762771332,0.733818762771332,0.11559725786818706,0.013971961501114516,0.11777392713932859,0.018838090720037788,Not Reviewed,4
444,1095,CAND_1095,Equipment temperatures within the space segment elements shall refer to the equipment temperature reference points.,Functional Requirement,0.8389574332294725,0.8389574332294725,0.07556737568472768,0.010760295626334982,0.025179887618244568,0.049535007841220315,Not Reviewed,4
445,1096,CAND_1096,"Test methods and test set up shall be defined according to the thermal environment characteristics, the TCS thermal design, the space segment element itself and the need for thermal balance phases.",Operability,0.49300899799485204,0.43617901673680437,0.49300899799485204,0.014647930168810493,0.02089395536448438,0.03527009973504874,Not Reviewed,4
446,1097,CAND_1097,"The rate of temperature change during cooling, and heating shall be the same as those projected for the mission, but not exceed them.",Functional Requirement,0.7021275312576635,0.7021275312576635,0.07632871687131287,0.0689587691492624,0.02620626774880815,0.1263787149729531,Not Reviewed,4
447,1098,CAND_1098,"The test set‐up and test modes shall be selected, in order to achieve the specified test temperatures within the specified stability and duration.",Functional Requirement,0.8595027425839075,0.8595027425839075,0.07153794431137787,0.03713025249269578,0.013262597977807138,0.018566462634211828,Not Reviewed,4
448,1099,CAND_1099,The test set‐up shall ensure appropriate orientation for space segment elements containing two phase heat transport device (e.g.,Security,0.6047221869402619,0.29591152151836136,0.030830314729777198,0.027254789900428976,0.6047221869402619,0.04128118691117051,Not Reviewed,3
449,1102,CAND_1102,The set‐up shall ensure that outgassing does not contaminate the space segment element.,Security,0.6660577350838882,0.2744138491916367,0.01676219530117214,0.02881429908995433,0.6660577350838882,0.013951921333348567,Not Reviewed,4
450,1103,CAND_1103,The pressure during the test shall be maintained  10‐5 hPa.,Functional Requirement,0.756164043889191,0.756164043889191,0.06684727003625579,0.08937732296375564,0.01943262205869024,0.06817874105210732,Not Reviewed,4
451,1105,CAND_1105,Test approach with thermal ambient test without vacuum test shall be selected only for space segment elements that operate under a non‐ vacuum environment during their entire lifetime.,Operability,0.6281355035997754,0.3349067912606511,0.6281355035997754,0.009128109516558902,0.011681510529294547,0.01614808509372002,Not Reviewed,1
452,1107,CAND_1107,"this, depressurisation failure Pressure value for the thermal ambient test shall be as per type of mission.",Functional Requirement,0.7368660411636794,0.7368660411636794,0.18845501956932914,0.020037845482459297,0.027818920236017314,0.026822173548514898,Not Reviewed,4
453,1109,CAND_1109,"Mars mission, Space Station pressure Climatic conditions shall be such as to avoid condensation on the item under test.",Functional Requirement,0.49386137437119737,0.49386137437119737,0.3201622269815362,0.07635704194250718,0.03224949684178157,0.07736985986297759,Not Reviewed,4
454,1110,CAND_1110,The space segment element shall be mounted in a temperature chamber or in a vacuum chamber if the ambient pressure is below atmospheric pressure.,Functional Requirement,0.6067078347022237,0.6067078347022237,0.2410071516475317,0.03924646682806267,0.05589538228746034,0.05714316453472178,Not Reviewed,4
455,1112,CAND_1112,The thermal balance test shall be performed in conformance with ECSS‐ E‐ST‐31 clause 4.5.3.,Functional Requirement,0.5820650613382521,0.5820650613382521,0.1977947937276469,0.03735459438508023,0.051838601004977766,0.130946949544043,Not Reviewed,4
456,1115,CAND_1115,"The space segment element shall be subjected to EMC tests, specified in the ECSS‐E‐ST‐20‐07 clause 5.3 and in conformance with the Annex A of ECSS‐E‐ST‐20.",Functional Requirement,0.8304886646666132,0.8304886646666132,0.0739957778307464,0.02017782255603568,0.026596355576826998,0.04874137936977767,Not Reviewed,4
457,1116,CAND_1116,When performing space segment element EMC test the compatibility tests with carrier or carried space segment elements shall also be included.,Functional Requirement,0.5167248811700419,0.5167248811700419,0.25369099576712756,0.027494841941780767,0.04133738122444956,0.16075189989660021,Not Reviewed,4
458,1118,CAND_1118,"The space segment element shall be subjected to EMC tests, specified in the ECSS‐E‐ST‐20‐07 clause 5.4 and in conformance with the Annex A of ECSS‐E‐ST‐20.",Functional Requirement,0.8304886646666132,0.8304886646666132,0.0739957778307464,0.02017782255603568,0.026596355576826998,0.04874137936977767,Not Reviewed,4
459,1120,CAND_1120,When performing space segment element EMC auto compatibility test the following EMC requirements shall be included: 1.,Operability,0.4866450308233712,0.38412046344511747,0.4866450308233712,0.031287248201019746,0.027636994849327034,0.07031026268116466,Not Reviewed,4
460,1124,CAND_1124,"If results of PIM analysis show that PIM can be present, the space segment element shall be subjected to passive intermodulation tests.",Functional Requirement,0.7411264099850385,0.7411264099850385,0.08943021246518586,0.05570833171716307,0.03136021295734494,0.08237483287526763,Not Reviewed,4
461,1126,CAND_1126,The operational configuration(s) for the PIM test shall conform to ECSS‐ E‐ST‐20 clause 7.4.,Functional Requirement,0.5297861948317697,0.5297861948317697,0.22360851845796503,0.015583761459299697,0.02482125780017672,0.20620026745078893,Not Reviewed,4
462,1130,CAND_1130,The magnetic field measurement shall be performed in a dedicated facility featuring Earth field compensation.,Functional Requirement,0.7895166972729208,0.7895166972729208,0.05816319783238769,0.035489764175125386,0.04003590349779572,0.07679443722177023,Not Reviewed,4
463,1132,CAND_1132,The aero‐thermodynamic tests shall be performed on dedicated scaled models in wind tunnels for different conditions.,Functional Requirement,0.6105715566985974,0.6105715566985974,0.1539790641447348,0.05043254377696736,0.0575502584315965,0.12746657694810398,Not Reviewed,4
464,1137,CAND_1137,"After a background noise measurement, the micro‐vibration environment induced by all activated disturbers during space segment element operation shall be measured.",Operability,0.5271827911392032,0.3917269685327604,0.5271827911392032,0.013112056569121422,0.024531404689435328,0.04344677906947969,Not Reviewed,4
465,1138,CAND_1138,"Space segment equipment internal, in case of payload elements, self‐ induced vibration responses and transfer functions shall be measured.",Functional Requirement,0.8599021846392466,0.8599021846392466,0.02287261464146446,0.03753413845751706,0.015451297001128855,0.06423976526064314,Not Reviewed,4
466,1139,CAND_1139,The vibro‐acoustic noise measurements shall be performed in nominal emission conditions.,Functional Requirement,0.4690240873728261,0.4690240873728261,0.26411377636876593,0.08579614595697262,0.061720725612815344,0.11934526468862008,Not Reviewed,4
467,1141,CAND_1141,"The HFE tests shall be performed to demonstrate accessibility for man‐ machine interface usability and crew operability in a flight like environment by a representative population, using simulator or mock up.",Operability,0.7039794765042805,0.10036629477178023,0.7039794765042805,0.008413853377693573,0.020593443872825724,0.16664693147341997,Not Reviewed,4
468,1144,CAND_1144,A toxic gas test shall be performed in thermal chamber to verify that the flight hardware does not produce toxic vapours that can build up to harmful levels for the crew in the closed loop life support system.,Operability,0.40115751443109193,0.3967393551618818,0.40115751443109193,0.1320948520398059,0.030775970629174077,0.03923230773804631,Not Reviewed,1
469,1145,CAND_1145,"The item under test shall be heated and maintained in temperature conditions, while the emitted gasses and vapours are detected.",Functional Requirement,0.7135430557852446,0.7135430557852446,0.17647886049210743,0.035384470847922844,0.022736352225289618,0.05185726064943565,Not Reviewed,4
470,1146,CAND_1146,Toxic gas markers shall be used on the basis of the materials composing the item under test.,Operability,0.6482699287757392,0.17293784074494717,0.6482699287757392,0.008536328496987395,0.02684572423845527,0.14341017774387083,Not Reviewed,4
471,1148,CAND_1148,An audible noise test shall be performed to verify that the flight hardware does not produce audible noise levels that are detrimental to the crew health and safety.,Operability,0.4110647348599864,0.3753580133800084,0.4110647348599864,0.08831426745188875,0.07248361430240433,0.05277937000571194,Not Reviewed,4
472,1149,CAND_1149,Measured values shall not be higher than NC 50.,Functional Requirement,0.5094549302804652,0.5094549302804652,0.04480039456136732,0.037123478049662054,0.052174328513467524,0.3564468685950379,Not Reviewed,4
473,1150,CAND_1150,"After a background noise measurement, the noise emission during space segment element operation shall be measured in the worst case emission conditions for qualification and in normal operation condition for acceptance.",Functional Requirement,0.781617885399107,0.781617885399107,0.10083639365455369,0.026756742446854127,0.053287532151446784,0.037501446348038404,Not Reviewed,4
474,1151,CAND_1151,Noise levels shall limit crew noise exposure to a 24‐hour equivalent of 65 A‐weighted decibel (dBA).,Functional Requirement,0.5761731650618418,0.5761731650618418,0.024303295621929136,0.1052424644824141,0.24997428444171543,0.04430679039209952,Not Reviewed,4
475,1152,CAND_1152,"Cabin reverberation time (T60) shall not exceed 0,5 second +/‐ 0,1 second at 500 Hz (Octave centre frequency).",Performance,0.6310982220301379,0.2777281774875725,0.0475066035131307,0.6310982220301379,0.027268282881350598,0.01639871408780826,Not Reviewed,4
476,1154,CAND_1154,"Pre‐launch tests shall confirm that all elements needed for the launch, including their interfaces are verified, and that their parameters are within the specified limits.",Functional Requirement,0.6112513070576349,0.6112513070576349,0.05260773731370637,0.016412946463012057,0.02523714802825024,0.29449086113739636,Not Reviewed,4
477,1158,CAND_1158,Pre‐launch tests results shall result in the authorizing the next pre‐launch activities to be carried out.,Functional Requirement,0.6290122850879889,0.6290122850879889,0.08589445214344842,0.1015087820832155,0.047306959436877696,0.1362775212484694,Not Reviewed,4
478,1160,CAND_1160,The procedures to be executed during the launch campaign shall be rehearsed before the start of the launch campaign.,Functional Requirement,0.49594940312480923,0.49594940312480923,0.21730458952265708,0.021095656376765592,0.04247683543188492,0.2231735155438832,Not Reviewed,4
479,1162,CAND_1162,The impact of any change on the EGSE shall be evaluated and the rehearsal repeated if it is so derived from the evaluation.,Functional Requirement,0.7381139466309318,0.7381139466309318,0.08574892877196409,0.10767690535056387,0.026977129575907383,0.04148308967063286,Not Reviewed,4
480,1163,CAND_1163,Pre‐launch functional tests shall be performed to verify that no damage or performance degradation of the space segment element and its constituents has occurred during shipment or handling.,Performance,0.47252102059805107,0.3258210035910554,0.05057427217810726,0.47252102059805107,0.0443496241254145,0.10673407950737182,Not Reviewed,4
481,1165,CAND_1165,"When a space segment element is not transported fully assembled or is subsequently disabled, the final assembly at launch site shall be retested.",Functional Requirement,0.547203293627092,0.547203293627092,0.306748510004948,0.028650784319614958,0.061117578336713316,0.05627983371163172,Not Reviewed,2
482,1168,CAND_1168,"The pre‐launch functional test shall include a verification of electrical power interfaces and command and control functions as well as, when relevant, of radio frequency interference.",Functional Requirement,0.7820845875831755,0.7820845875831755,0.08562237800910275,0.015635027935295857,0.061816552178001125,0.05484145429442485,Not Reviewed,4
483,1170,CAND_1170,"Circuit continuity, insulation and absence of stray energy shall be checked, at the level of the safe and arm plug connector, prior to connection the flight pyro arm plug.",Performance,0.5268672850367283,0.27070784762954553,0.10846288013470899,0.5268672850367283,0.062329317489550104,0.03163266970946711,Not Reviewed,4
484,1171,CAND_1171,"If the pyro connections are planned in the launch facility, circuit continuity, insulation shall be checked, at the level of the safe and arm plug connector, prior to connection.",Performance,0.35065126432714483,0.3480909090349251,0.16519902587886484,0.35065126432714483,0.10147606468809278,0.03458273607097249,Not Reviewed,4
485,1172,CAND_1172,"For crewed mission, final crew interface verification in all operational configurations shall be performed.",Operability,0.6944434316532166,0.22750217326783181,0.6944434316532166,0.013287918637600513,0.019453599668757326,0.0453128767725937,Not Reviewed,4
486,1173,CAND_1173,"114 ECSS‐E‐ST‐10‐03C 1 June 2012 Annex A (normative) Assembly, integration and test plan (AITP) - DRD A.1 DRD identification A.1.1 Requirement identification and source document This DRD is called from ECSS‐E‐ST‐10‐03, requirement 4.3.3.2a.",Functional Requirement,0.5762502040516335,0.5762502040516335,0.09934262566451288,0.06485315554935357,0.09624123290055528,0.16331278183394482,Not Reviewed,2
487,1174,CAND_1174,A.1.2 Purpose and objective The assembly integration and test plan is the master plan for the product AIT process.,Operability,0.6111870061512229,0.29000608454048177,0.6111870061512229,0.04904660685342769,0.011920220808052226,0.037840081646815536,Not Reviewed,2
488,1184,CAND_1184,"Introduction The AITP shall contain a description of the purpose, objective, content and the reason prompting its preparation.",Functional Requirement,0.8689787998658669,0.8689787998658669,0.0290661049683566,0.021077914043964762,0.048336806916367214,0.0325403742054446,Not Reviewed,4
489,1186,CAND_1186,"Any open issue, assumption and constraint relevant to this document shall be stated and described.",Functional Requirement,0.8278999746130025,0.8278999746130025,0.04537697190689773,0.020136757170053143,0.02952057275302546,0.07706572355702128,Not Reviewed,4
490,1190,CAND_1190,Applicable and reference documents The AITP shall list the applicable and reference documents in support to the generation of the document.,Functional Requirement,0.8770416851563384,0.8770416851563384,0.05095030805226046,0.014737990176349408,0.02919075792956462,0.028079258685487062,Not Reviewed,4
491,1191,CAND_1191,Definitions and abbreviations The AITP shall list the applicable dictionary or glossary and the meaning of specific terms or abbreviations utilized in the document.,Functional Requirement,0.9290609628536883,0.9290609628536883,0.013334719010400408,0.011991502896842421,0.017737706685153842,0.027875108553914875,Not Reviewed,4
492,1192,CAND_1192,Product presentation The AITP shall briefly describe the selected models and their built status with reference to the verification plan (see ECSS‐E‐ST‐10‐02).,Functional Requirement,0.8171649481914857,0.8171649481914857,0.03412140714577894,0.05170788436040198,0.028513023519633324,0.06849273678270003,Not Reviewed,4
493,1194,CAND_1194,The AITP shall document the AIT activities and associated planning.,Functional Requirement,0.8548322334193779,0.8548322334193779,0.033254282394342714,0.022296839167799766,0.04254912394848697,0.047067521069992686,Not Reviewed,4
494,1195,CAND_1195,"The AITP shall include test matrix(ces) that link the various tests with the test specifications, test procedures, test blocks and hardware model.",Functional Requirement,0.5976240500521695,0.5976240500521695,0.35310546602501186,0.014235947614599962,0.01572689801259081,0.01930763829562799,Not Reviewed,4
495,1197,CAND_1197,"Activity sheets shall include descriptions of the activity including the tools and GSE to be used, the expected duration of the activity, and the relevant safety or operational constraints.",Functional Requirement,0.6575864019681485,0.6575864019681485,0.26573692101990287,0.012780751983424871,0.019669961515475294,0.044225963513048284,Not Reviewed,4
496,1201,CAND_1201,"The AITP shall list and describe the GSE, test software and AIT facilities to be used.",Operability,0.4458051562896461,0.4361327016527382,0.4458051562896461,0.008135862151762818,0.07944493704073124,0.030481342865121608,Not Reviewed,4
497,1202,CAND_1202,The AITP shall describe the logistics and list the major transportations.,Functional Requirement,0.8830291738203684,0.8830291738203684,0.015776589237263085,0.01694851723103739,0.05354544316875463,0.03070027654257636,Not Reviewed,2
498,1203,CAND_1203,AIT documentation The AITP shall describe the AIT documents to be produced and their content.,Functional Requirement,0.8567494338382294,0.8567494338382294,0.034208601636397475,0.020516421651806963,0.04755489249429748,0.040970650379268746,Not Reviewed,4
499,1205,CAND_1205,The AITP shall describe the responsibility and management tools applicable to the described AIT process with reference to ECSS‐E‐ST‐10‐02.,Operability,0.4913649865139932,0.3050084399213168,0.4913649865139932,0.15473019702888352,0.020425623171361023,0.02847075336444545,Not Reviewed,4
500,1206,CAND_1206,"The AITP shall describe the responsibilities within the project team, the relation to product assurance, quality control and configuration control (tasks with respect to AIT) as well as the responsibility sharing with external partners.",Functional Requirement,0.7473049664602194,0.7473049664602194,0.0960127399666016,0.06360946985478591,0.03724519014665104,0.055827633571742155,Not Reviewed,4
501,1208,CAND_1208,The planned reviews and the identified responsibilities shall be stated.,Functional Requirement,0.8349753840853278,0.8349753840853278,0.042003412062499565,0.035164208947472686,0.051767701852048306,0.03608929305265146,Not Reviewed,4
502,1210,CAND_1210,AIT schedule The AITP shall provide the AIT schedule as reference.,Functional Requirement,0.6162565379953144,0.6162565379953144,0.006819208398155469,0.06943744256248079,0.017238274220676225,0.29024853682337304,Not Reviewed,4
503,1218,CAND_1218,"equipment, space segment element) The TSPE provides the requirements for the activities identified in the AITP (as defined in Annex A of ECSS‐E‐ST‐10‐03).",Functional Requirement,0.5119049996661706,0.5119049996661706,0.42788749436761186,0.017243545691627372,0.01391332280911746,0.02905063746547255,Not Reviewed,4
504,1231,CAND_1231,"The TSPE shall contain a description of the purpose, objective, content and the reason prompting its preparation.",Functional Requirement,0.8689787998658669,0.8689787998658669,0.0290661049683566,0.021077914043964762,0.048336806916367214,0.0325403742054446,Not Reviewed,4
505,1233,CAND_1233,Applicable and reference documents The TSPE shall list the applicable and reference documents in support to the generation of the document.,Functional Requirement,0.8770416851563384,0.8770416851563384,0.05095030805226046,0.014737990176349408,0.02919075792956462,0.028079258685487062,Not Reviewed,4
506,1234,CAND_1234,Definitions and abbreviations The TSPE shall list the applicable dictionary or glossary and the meaning of specific terms or abbreviations utilized in the document.,Functional Requirement,0.9290609628536883,0.9290609628536883,0.013334719010400408,0.011991502896842421,0.017737706685153842,0.027875108553914875,Not Reviewed,4
507,1235,CAND_1235,Requirements to be verified The TSPE shall list the requirements to be verified (extracted from the VCD) in the specific test and provides traceability where in the test the requirement is covered.,Functional Requirement,0.5202534930325364,0.5202534930325364,0.4388022388217724,0.00929375632806426,0.009410189764389338,0.02224032205323757,Not Reviewed,4
508,1236,CAND_1236,Test approach and test requirements The TSPE shall summarize the approach to the test activity and the associated requirements as well as the prerequisites to start the test.,Functional Requirement,0.581667581645994,0.581667581645994,0.33258151884942605,0.01360888312380661,0.019810324092653202,0.052331692288120124,Not Reviewed,4
509,1237,CAND_1237,"Test description The TSPE shall summarize the configuration of the item under test, the test set‐up, the necessary GSE, the test tools, the test conditions and the applicable constraints.",Functional Requirement,0.6990488405396207,0.6990488405396207,0.16579212389305076,0.04856207440063045,0.042818432356271675,0.043778528810426376,Not Reviewed,4
510,1238,CAND_1238,"Test facility The TSPE shall describe the applicable test facility requirements together with the instrumentation and measurement accuracy, data acquisition and test space segment equipment to be used.",Operability,0.5681868058695307,0.34958853628252934,0.5681868058695307,0.009081495962665224,0.05248346822136853,0.020659693663906027,Not Reviewed,4
511,1239,CAND_1239,Test sequence The TSPE shall describe the test activity flow and the associated requirements.,Functional Requirement,0.6504877411622222,0.6504877411622222,0.28533743534051953,0.02287978210664605,0.018493289597448007,0.02280175179316405,Not Reviewed,4
512,1241,CAND_1241,"When constraints are identified on activities sequence, the TSPE shall specify them including necessary timely information between test steps.",Functional Requirement,0.773796047356069,0.773796047356069,0.030397309586154008,0.04871744410520265,0.12783020287660635,0.01925899607596794,Not Reviewed,4
513,1243,CAND_1243,"The TSPE shall list the test pass/fail criteria, including their tolerance, in relation to the inputs and output.",Functional Requirement,0.8994930844288002,0.8994930844288002,0.04153833723880072,0.0209526405892331,0.02021078007852259,0.017805157664643443,Not Reviewed,4
514,1244,CAND_1244,"In the TSPE, the error budgets and the confidence levels with which the tolerance is to be met shall be specified.",Functional Requirement,0.7844611620882143,0.7844611620882143,0.03840123700262565,0.018419382026966847,0.04707777353507605,0.11164044534711719,Not Reviewed,4
515,1246,CAND_1246,"The TSPE shall list the requirements for the involved documentation, including test procedure, test report and PA and QA records.",Functional Requirement,0.8472622966346594,0.8472622966346594,0.08481499617541335,0.016868022663680836,0.026310751480896406,0.02474393304535007,Not Reviewed,4
516,1248,CAND_1248,"The TSPE shall describe the overall test responsibilities, participants to be involved and the schedule outline.",Functional Requirement,0.8000123866611959,0.8000123866611959,0.09147547219455002,0.028136007307100253,0.04523753199564171,0.03513860184151195,Not Reviewed,1
517,1268,CAND_1268,"The TPRO shall contain a description of the purpose, objective, content and the reason prompting its preparation.",Functional Requirement,0.8689787998658669,0.8689787998658669,0.0290661049683566,0.021077914043964762,0.048336806916367214,0.0325403742054446,Not Reviewed,4
518,1270,CAND_1270,Applicable and reference documents The TPRO shall list the applicable and reference documents in support to the generation of the document.,Functional Requirement,0.8770416851563384,0.8770416851563384,0.05095030805226046,0.014737990176349408,0.02919075792956462,0.028079258685487062,Not Reviewed,4
519,1271,CAND_1271,Definitions and abbreviations The TPRO shall list the applicable dictionary or glossary and the meaning of specific terms or abbreviations utilized in the document.,Functional Requirement,0.9290609628536883,0.9290609628536883,0.013334719010400408,0.011991502896842421,0.017737706685153842,0.027875108553914875,Not Reviewed,4
520,1273,CAND_1273,the TSPE The TPRO shall provide a mapping matrix to the TSPE giving traceability towards the test requirement.,Functional Requirement,0.5080949268883356,0.5080949268883356,0.021891054275610382,0.05713416549670867,0.009966621828198779,0.40291323151114666,Not Reviewed,4
521,1274,CAND_1274,"Item under test The TPRO shall describe the item under test configuration, including any reference to the relevant test configuration list, and any deviation from the specified standard.",Functional Requirement,0.8388417859100616,0.8388417859100616,0.03760528612809029,0.011578416218183016,0.020953794922007336,0.09102071682165766,Not Reviewed,4
522,1275,CAND_1275,The software version of the item under test shall be identified.,Functional Requirement,0.5930968656883675,0.5930968656883675,0.13343082623518185,0.020809344591288564,0.2194785055132984,0.033184457971863666,Not Reviewed,4
523,1279,CAND_1279,Test set‐up The TPRO shall describe the test set‐up to be used.,Functional Requirement,0.4638088552302289,0.4638088552302289,0.4233855115561312,0.047540369542124865,0.018855647641833756,0.04640961602968132,Not Reviewed,4
524,1280,CAND_1280,"GSE and test tools required The TPRO shall identify the GSE and test tools to be used in the test activity including test script(s), test software and database(s) versioning number.",Operability,0.4450774306467345,0.373683522049698,0.4450774306467345,0.014676423541082206,0.14957081303677372,0.01699181072571147,Not Reviewed,4
525,1281,CAND_1281,"Test instrumentation The TPRO shall identify the test instrumentation, with measurement accuracy, to be used, including fixtures.",Functional Requirement,0.47410259837378443,0.47410259837378443,0.438048903188842,0.013128361139555586,0.03006394200227775,0.044656195295540144,Not Reviewed,4
526,1283,CAND_1283,Test facility The TPRO shall identify the applicable test facility and any data handling system.,Functional Requirement,0.5293560572381515,0.5293560572381515,0.22068573089882912,0.022196165114041613,0.2098448162201399,0.017917230528837823,Not Reviewed,1
527,1285,CAND_1285,"The TPRO shall list the applicable standards, the applicable test conditions, in terms of levels, duration and tolerances, and the test data acquisition and reduction.",Functional Requirement,0.5559025852407581,0.5559025852407581,0.19263983010795946,0.034034913176304936,0.19048949152678038,0.026933179948197022,Not Reviewed,4
528,1287,CAND_1287,The TPRO shall describe how the applicable documentation is used to support the test activity.,Operability,0.5963556885705866,0.34422322586596804,0.5963556885705866,0.013539326611222558,0.006916044271288698,0.03896571468093413,Not Reviewed,4
529,1289,CAND_1289,The TPRO shall list the allocation of responsibilities and resources.,Functional Requirement,0.9187690214772261,0.9187690214772261,0.014374367380872699,0.0170519671541974,0.019862010105018688,0.0299426338826852,Not Reviewed,4
530,1291,CAND_1291,"The TPRO shall identify special, safety and hazard conditions, operational constraints, rules for test management relating to changes in procedure, failures, reporting and signing off procedure.",Functional Requirement,0.43211716242548526,0.43211716242548526,0.43191089837196106,0.0172780709922161,0.09828975833286176,0.020404109877475783,Not Reviewed,4
531,1292,CAND_1292,The TPRO shall describe QA and PA aspects applicable to the test.,Functional Requirement,0.525643893099075,0.525643893099075,0.3873169649921621,0.024916394357771928,0.03332928438591427,0.028793463165076673,Not Reviewed,4
532,1293,CAND_1293,The TPRO shall contain a placeholder for identifying: 1.,Functional Requirement,0.8316232582112875,0.8316232582112875,0.04072057588991053,0.028006219095831876,0.058455298217180804,0.04119464858578942,Not Reviewed,4
533,1296,CAND_1296,"The TPRO shall provide detailed instructions, including expected results, with tolerances, pass/fail criteria, and identification of specific steps to be witnessed by QA personnel.",Functional Requirement,0.5331314117132094,0.5331314117132094,0.013452503106001679,0.0705944721828807,0.03726413555479029,0.34555747744311793,Not Reviewed,4
534,1298,CAND_1298,"When the procedure is automated, the listing of the automated procedure shall be documented to a level allowing consistency check with the TPRO and the TPSE.",Functional Requirement,0.664473262878851,0.664473262878851,0.03290087847574238,0.18664365282626766,0.08073499034639146,0.035247215472747395,Not Reviewed,4
535,1309,CAND_1309,"QM+FM, or PFM+FM) the relevant clauses for both models need to be selected and merged when performing the second step.",Functional Requirement,0.44133874372312887,0.44133874372312887,0.056731694015471845,0.10273331444664782,0.029514601073517673,0.3696816467412338,Not Reviewed,4
